<?xml version='1.0' encoding='utf-8'?>
<COLLADA xmlns="http://www.collada.org/2005/11/COLLADASchema" version="1.4.1">
  <asset>
    <created>2026-09-14T00:00:00Z</created>
    <modified>2026-09-14T00:00:00Z</modified>
    <unit name="metre" meter="1" />
    <up_axis>Z_UP</up_axis>
  </asset>
  <library_effects>
    <effect id="scout_1a1a1a_effect">
      <profile_COMMON>
        <technique sid="common">
          <lambert>
            <emission>
              <color>0 0 0 1</color>
            </emission>
            <ambient>
              <color>0.05 0.05 0.05 1</color>
            </ambient>
            <diffuse>
              <color>0.1 0.1 0.1 1</color>
            </diffuse>
          </lambert>
        </technique>
      </profile_COMMON>
    </effect>
  </library_effects>
  <library_materials>
    <material id="scout_1a1a1a" name="scout_1a1a1a">
      <instance_effect url="#scout_1a1a1a_effect" />
    </material>
  </library_materials>
  <library_geometries>
    <geometry id="geometry" name="torso_link">
      <mesh>
        <source id="positions">
          <float_array id="positions_array" count="2322">-0.0646362007 -0.104813538 0.0327797085 -0.0724708661 -0.0993065238 0.0356346779 -0.0612374544 -0.0976416618 0.0150539353 0.0894651189 -0.0427009128 0.574382186 0.0816149116 -0.0505628772 0.574837267 0.0795097351 -0.0373919122 0.558343112 -0.0721752793 -0.0834255517 0.0167308431 -0.0664523318 -0.074912928 0.0157769248 -0.0712460726 -0.102759235 0.0908290297 -0.0670246482 0.0990068465 0.0858485848 -0.0670076534 -0.0990085676 0.0861064568 0.0293197725 -0.0367191508 0.513072193 0.0374996103 -0.0349641331 0.518779814 0.0222730543 -0.0296980031 0.542496741 -0.0678842366 -0.0311296824 0.0342495255 -0.0699598491 -0.0293528866 0.0163912848 -0.0598409958 -0.0388357602 0.0162704866 -0.0487525761 -0.10371986 0.0155794406 -0.0587139688 -0.0966573879 0.00676024379 -0.0641255304 -0.0777071789 0.00619171374 -0.0466788039 -0.0569713861 0.0340252966 -0.0501699038 -0.036487788 0.0149108451 -0.0569632053 -0.00891069137 0.0149749853 -0.0554088578 -0.0243716873 0.000834489765 -0.0519269295 -0.0155201638 0.00793875847 -0.0471601747 -0.0323513299 -0.00155883655 -0.0442035794 -0.0309898518 0.0079383105 -0.0347802788 -0.0990643278 0.00569193531 -0.0310460702 -0.0993769318 0.0158532634 -0.0535821132 -0.0620227531 0.015607669 -0.036004182 -0.0650789067 0.00624074275 -0.0519508347 -0.0640437603 0.00586912083 -0.0261258613 -0.0698545501 0.0155570963 -0.0456722938 -0.0558883809 0.0164964404 -0.0412102081 -0.0366429798 0.0152940499 -0.0238326006 -0.0856551751 0.0153019084 -0.025488643 -0.0785229951 0.00637805928 -0.0182085056 -0.0497593172 0.00794501137 -0.0111768823 -0.0541676916 0.0151072731 0.0705867112 0.102415733 0.0898510963 0.0670101419 0.0990088955 0.0861146823 -1.81292762e-05 -0.0539355241 0.00999729149 -3.39632976e-07 -0.0540000349 0.00999995321 -0.0206101779 0.0290679093 0.477667719 0.053418573 0.0306108687 0.477820635 0.0287863556 0.0307583679 0.480117589 0.0392811112 -0.100812919 0.00633214833 0.0284949187 -0.0917528346 0.00657292735 0.0258681457 -0.0776979774 0.00620026421 -0.0718033314 -0.0563684627 0.399765611 -0.0726009309 -0.0640667751 0.383670926 -0.0720754266 -0.0644266531 0.401061028 -0.0708870292 -0.0539897531 0.382215619 -0.0721258149 -0.044956442 0.392538071 -0.0724342465 0.0148063321 0.340915114 -0.0726720467 0.00192625378 0.351463199 -0.0712717995 0.0694959089 0.383092046 -0.0289952196 -0.115548119 0.373796374 -0.0319111161 -0.140053242 0.389031082 -0.0158805288 -0.14698121 0.378154755 -0.0711722896 -0.0316906907 0.400380492 -0.0714696795 -0.0329107977 0.381153107 -0.0728341788 -0.0209734868 0.398371696 -0.0261294451 0.0702608153 0.015149666 -0.0230539795 0.069888711 0.0341047272 -0.0196690988 0.0684510767 0.0166696999 -0.0493955314 -0.0198029466 0.498712152 -0.0515508205 -0.0355757177 0.477935195 -0.0483986028 -0.0369131565 0.493871987 -0.0334897339 -0.158302695 0.421000212 -0.0380367227 -0.157122478 0.412575155 -0.0287411846 -0.16325058 0.410492212 -0.0338088237 -0.136392191 0.41109249 -0.033964593 -0.147685319 0.437814534 -0.0296324138 -0.146063164 0.447915554 -0.0428773537 -0.137661099 0.403914839 -0.0376959927 -0.13111186 0.387402922 -0.0421442538 -0.143593356 0.391448349 -0.0402429365 -0.10646379 0.389511764 -0.0403130278 -0.133974895 0.402927458 -0.0312104765 -0.144681916 0.388147414 -0.02969414 -0.140950605 0.400230885 -0.0370671973 -0.141262606 0.402186036 -0.0403931476 -0.127869442 0.415470034 -0.0261674672 -0.13898468 0.395787418 -0.0342026688 -0.129563853 0.411914498 -0.0342478305 -0.128235251 0.427343994 -0.0420838334 -0.119316056 0.444011539 -0.0371217132 -0.12498793 0.435616195 -0.0379974619 -0.143486515 0.443307191 -0.0421096347 -0.105910681 0.383715659 -0.0431666337 -0.106477417 0.444714755 -0.0396623053 -0.119507916 0.433746964 -0.0331430621 -0.125325382 0.427973747 -0.0320982002 -0.107585892 0.422396839 -0.0341007337 -0.107060082 0.401037604 -0.0328171887 -0.115612134 0.448098809 -0.0279314723 -0.105767563 0.382270426 -0.0387676656 -0.10557954 0.429556936 -0.018111378 -0.106951773 0.443573922 -0.0377768986 -0.0421713442 0.490602553 -0.0349689871 -0.0262295343 0.529619217 -0.0417982675 -0.0134406583 0.520155489 -0.0359749682 -0.0204435941 0.490363032 -0.032417167 -0.0151686547 0.503492415 -0.0350684114 -0.0372051559 0.497346193 -0.0163214877 -0.146715939 0.387925386 -0.0191772133 -0.149866357 0.37708205 -0.0150534436 -0.140060708 0.370056778 -0.0163073316 -0.143055782 0.368053526 -0.0163919758 -0.141954824 0.387362927 -0.0151876789 -0.1369766 0.4602395 -0.00552609423 -0.137930259 0.464680701 -0.0705063269 0.102805682 0.0907068774 -0.00793552864 0.105719805 0.36551854 0.00618412346 0.105682656 0.363161325 -0.0159498155 -0.121866412 0.364302188 -0.0142822769 -0.111416712 0.371049672 -0.00862942543 -0.129501432 0.366142899 -0.0241149738 -0.11603266 0.441917419 -0.0176747739 -0.118112028 0.448830217 -0.0241486579 -0.108743206 0.451904863 -0.014889596 -0.114766583 0.450567186 -0.0139291296 -0.113936462 0.459198892 -0.0139327524 -0.106266558 0.457184434 0.0677728206 0.0726872012 0.034190312 0.0699964017 0.0294123217 0.0164566282 0.0678505674 0.030641567 0.0341839716 -0.0179381818 -0.105879746 0.466219813 -0.00404038839 -0.170053869 0.393397063 -0.0155088678 -0.169170782 0.39846006 -0.0122989994 -0.168149412 0.387732416 -0.00861172657 -0.150013357 0.382070422 -0.00778350001 -0.151318774 0.373691559 -0.00190117164 -0.141960263 0.380846292 -0.00217684242 -0.130724475 0.362971246 0.000130368266 -0.146840945 0.373595357 -0.00412981026 -0.116149329 0.455071837 -0.0124900825 -0.131773651 0.467274994 -0.0106055522 -0.106215231 0.366349429 -0.00680143759 -0.110212065 0.461861461 0.0180833712 -0.110878035 0.46170491 -0.0246967003 -0.105771624 0.364026487 -0.000151942368 -0.107385293 0.45377174 0.0243140366 -0.106024846 0.464918941 -0.0292640291 -0.0195274353 0.708399415 -0.0149290403 -0.0449374728 0.704938114 -0.0165598225 -0.0372257568 0.714941263 -0.022341812 -0.0281415172 0.53032434 -0.0243164562 -0.0110836839 0.523263752 -0.0150816888 -0.0243134443 0.541399837 -0.0140950726 -0.0219442043 0.565967321 -0.0201081447 -0.0161797404 0.726510048 -0.0235111751 -0.0153967896 0.700437069 -0.0134155704 -0.00872959197 0.544489682 -0.0194540042 -0.00646218332 0.562087655 -0.0300969835 -0.00993481744 0.543475568 -0.0320849493 0.00363025651 0.709674776 -0.01526077 0.000780779344 0.735429347 0.00588752748 -0.0607769415 0.699579298 -0.00463576801 -0.0505383052 0.700877011 0.00824643392 -0.0571697615 0.71479547 -0.000851994671 -0.0411383249 0.69477874 0.00267368602 -0.045995865 0.704760671 0.00265711476 -0.0244175903 0.569534302 -0.00117782643 -0.0220488515 0.563750327 0.0587211326 -0.0378899053 0.47805205 0.0532737337 -0.032981202 0.489694327 0.055784028 -0.048345156 0.489984334 -0.00681083836 -0.00215999456 0.556070983 -0.0198656768 0.0066201156 0.561664939 0.00287035154 -0.0176232699 0.744305909 0.00297775725 -0.0416047163 0.731138945 -0.00100833026 0.0162163023 0.587261677 0.00258383411 -0.0203331765 0.590815067 0.0539464913 0.106154151 0.445349067 0.0527801253 0.118394092 0.445024163 0.0457050689 0.110845752 0.451277465 0.00335916807 0.0056783678 0.746831775 -0.0676048473 0.0713101178 0.0342137031 -0.0583383814 0.0440965556 0.0342186913 -0.0683196113 0.0300454553 0.0342940316 -0.0713677183 0.0888404697 0.0170899332 -0.0654774234 0.0855438113 0.0146024665 -0.066978842 0.0751094669 0.0160791241 0.0556423478 -0.0630164295 0.0148252528 0.0676047951 -0.0713101178 0.0342136957 0.0673693269 -0.0753520653 0.0159484986 -0.0280685201 -0.0500935242 0.477939844 0.0320687816 0.0251073614 0.677168965 0.0521022119 0.00977220386 0.672879994 0.0379489399 0.0184995197 0.665875673 -0.0522603318 -0.0206776876 0.477600783 -0.0602386147 0.0130397603 0.0148760965 -0.0515881218 0.0140113998 0.00861508679 -0.0558810122 0.0237441268 0.00168131222 -0.046660006 0.0304937251 -0.00157164864 -0.0448317043 0.0290303435 0.00768407248 -0.0495831482 0.036243204 0.0146754999 -0.0582833029 0.0411816649 0.0162541419 -0.0688170865 0.0282429643 0.0162979532 -0.0467398614 0.0574004613 0.034008611 -0.0641228035 0.0861620903 0.00605495879 -0.0537466668 0.0639281571 0.00602516579 -0.0521576367 0.100202054 0.00615204452 -0.052004084 0.102989212 0.0148967234 -0.0356917046 0.0411377363 0.0155945821 -0.0556425601 0.0630164668 0.0148253692 -0.0356843546 0.0654338375 0.0058824881 -0.0451463684 0.0571754277 0.0166144744 -0.0314359702 0.096572794 0.00643651048 -0.0312907696 0.0992051736 0.0157066118 0.0202309918 -0.0246496331 0.597725391 0.0278592408 -0.0185452048 0.593079269 0.0139138261 -0.0121387579 0.593545377 -0.00633022189 0.0545980595 0.0151438154 -0.0275321174 0.045196455 0.00833579712 -0.0258723442 0.0776938498 0.00619894732 -0.0237898696 0.0853908584 0.0151758064 -0.0287350733 0.100537769 0.0340411365 -0.0219959971 0.0880112126 0.0342027955 0.0032819903 0.0734415352 0.0345284715 -0.00397116644 0.0528270751 0.00749367755 -0.0698372945 0.00303142332 0.403849214 -0.071138449 0.00242610672 0.382972568 -0.0733282417 -0.00561718456 0.399223238 -0.0730562881 0.0105436863 0.407641053 -0.0388344973 -0.018387679 0.477871954 -0.0724030808 0.0537801385 0.409510583 -0.0707639083 0.0402486734 0.397939146 -0.0710489824 0.029011054 0.399029374 -0.0255105291 -0.113816239 0.365316361 -0.0719544142 0.0413396545 0.378929853 0.0611544885 0.00408535125 0.678391218 0.0411998928 0.0279827006 0.682353795 0.0163394399 0.0269516874 0.689441502 0.0295681953 0.105473742 0.46716249 -0.0210215934 0.105875462 0.465248019 0.0679684132 0.103479296 0.476031214 -0.0244499352 0.010986154 0.523308694 -0.0393129587 0.0122056669 0.52504456 -0.0361916758 0.0179431569 0.493216872 -0.0284181796 0.027009584 0.489066482 -0.0397562012 0.0183412638 0.478224814 -0.0303285904 0.0329543762 0.509525955 -0.0365957767 0.0390228033 0.493252128 0.019531142 0.060554117 0.718469679 -0.0045979633 0.0541145019 0.702329338 -0.00272289524 0.0474102795 0.71930939 -0.0487962216 0.0366624705 0.493714631 -0.0279039498 0.0499589704 0.478110015 -0.0513073467 0.0356332362 0.477911949 -0.0306664016 0.0476133265 0.489312232 -0.0366845429 0.0272559486 0.525505483 0.0274377856 -0.0187022258 0.518757701 0.0311849937 -0.0463728495 0.490965098 -0.0404329784 0.10641633 0.390184164 -0.0340456329 0.106988586 0.401418537 -0.0263534617 0.106706128 0.380369455 -0.0390638858 0.10575036 0.427770942 -0.0314867832 0.107419796 0.424679697 -0.0307693165 0.104357131 0.440930843 -0.0364081673 0.131107494 0.385787755 -0.0218517594 0.11688564 0.364006341 -0.0411964096 0.106449828 0.382278383 -0.0345457904 0.125060916 0.420723349 -0.0315397084 0.13297233 0.405804127 -0.0405843444 0.124087274 0.434974045 -0.0427390747 0.137526855 0.405094534 -0.0424643792 0.118883893 0.444859564 -0.0398568586 0.128345206 0.415496379 -0.0354807302 0.124486849 0.430358917 -0.0402039438 0.120970257 0.431710392 -0.0338444896 0.114369504 0.44900468 -0.0429638587 0.105848834 0.445667386 -0.0189927444 0.10898719 0.455859244 -0.0428245664 0.142913178 0.391551793 -0.0318986438 0.144329742 0.388346195 -0.0366219282 0.137990937 0.394938111 -0.0368549824 0.141763031 0.402523607 -0.0339913927 0.136219695 0.410893619 -0.0308718141 0.139780536 0.396620482 -0.029089028 0.142541513 0.400836796 -0.0340642482 0.128566116 0.428498 -0.0338462554 0.150221244 0.43900457 -0.0336976871 0.158158496 0.422540039 -0.0382872 0.142150417 0.444110036 -0.0280133467 0.122855164 0.43931061 -0.0379567966 0.157843158 0.411189735 -0.028921973 0.162626907 0.410044253 -0.029287165 0.145001128 0.448282629 -0.01661711 0.10815724 0.444489449 -0.0231343471 0.115405746 0.442966819 -0.021587817 0.112217888 0.45546484 -0.0291211791 0.115971528 0.374054968 -0.0205171108 0.145452037 0.377139688 -0.0161062367 0.118654497 0.365093976 -0.0157737359 0.14731361 0.378362 -0.0234049037 0.138159841 0.391791433 -0.0132960407 0.112055674 0.371206135 -0.0158174429 0.117983304 0.45071286 -0.00630023237 0.130957603 0.36344111 -0.0159991011 0.146528587 0.387938678 -0.0235182438 0.143515736 0.385821074 -0.0192019623 0.151992485 0.373464644 -0.014506015 0.140788198 0.369140178 -0.0117494371 0.151105732 0.379562795 -0.013894951 0.169387788 0.397769004 -0.0239233002 0.105930634 0.363785267 -0.00198022393 0.106425561 0.451669604 -0.00248983037 0.109673284 0.455764681 -0.00620109774 0.106222473 0.462732285 -0.00633882405 0.111110009 0.461386114 -0.0110785486 0.128919825 0.36702466 -0.008956993 0.115716808 0.45681563 -0.0126127861 0.131475121 0.466665477 -0.0145412013 0.139982834 0.461382806 -0.00700971624 0.143178448 0.382593364 -0.00451066671 0.136349782 0.464803129 -0.00747246388 0.150693521 0.373507351 0.00410069851 0.1462273 0.372208804 -0.0139729502 0.168128163 0.389914006 -0.00406137621 0.170502648 0.393540353 -0.00428648107 0.149064034 0.383458078 -0.0487340279 0.0186184421 0.501779139 -0.0301117115 0.0116938017 0.544364274 -0.0196956377 0.022430744 0.557154238 -0.0095601622 0.00731650181 0.551052868 -0.0288120378 0.0218003877 0.709846973 -0.00732932752 0.0229900759 0.736164451 -0.0189830028 0.0222531576 0.698741436 -0.0220345911 0.0283868406 0.529378176 -0.0115580233 0.0254198387 0.548760116 -0.0213534571 0.0372138582 0.707768559 -0.00611114269 0.0215990189 0.57742846 0.0480268486 0.157744914 0.410852581 0.0409408286 0.140776485 0.400288403 0.040205095 0.163040385 0.410815209 7.81350973e-05 0.0240739807 0.565677404 0.000542104535 0.0453910977 0.704905093 -0.000898081926 0.0421928391 0.695515037 0.0650585294 -0.0194332693 0.55158478 0.0611739121 -0.0389002003 0.574672699 0.0380551182 -0.0172570981 0.573492944 0.0183147285 -0.0495021753 0.007895099 1.91001945e-07 -0.0540000349 0.00999995321 0.0190045256 -0.0512624979 0.0152737424 0.0313096046 -0.0992476046 0.0157133676 0.0237656515 -0.0853569731 0.0152032031 -0.00328336377 -0.0734237209 0.0345221609 0.0220073033 -0.0880362168 0.0342009664 0.0287246816 -0.100475237 0.0340536423 0.0237245876 -0.0689346641 0.0171229783 0.0311561935 -0.0664166734 0.0150988856 0.0378942005 -0.064055793 0.00588715961 0.0365764387 -0.0403393842 0.0151477074 0.0355547667 -0.0389705934 0.00797635037 0.0520119108 -0.102983192 0.0148889832 0.0451071486 -0.0571898781 0.0165494755 0.0469344892 -0.0239367504 0.00777388271 0.0532711223 -0.0159996301 0.0152597595 0.057906501 -0.0966487601 0.00604158314 0.0653806105 -0.0851624012 0.0141829615 0.0713473409 -0.088968873 0.0172726084 0.0645447001 -0.0785742849 0.00639267871 0.0541522019 -0.0651022196 0.00627860101 0.0473637544 -0.0568531565 0.0343031101 0.0582926795 -0.0411264263 0.0162307061 0.0688153282 -0.0282139201 0.0162237231 0.0676278025 -0.0302627981 0.0343572199 0.0524433628 -0.00658246642 0.00816307031 0.0670245439 -0.0990063325 0.0858472288 0.0712061226 -0.102716327 0.0910881236 0.0465694144 0.056783393 0.0339969099 0.0457914583 0.0554952957 0.0164175481 0.0535935499 0.0620210432 0.0156157622 0.123503409 0.0415241048 0.694323421 0.0964556187 0.0638040453 0.687953711 0.0992617533 0.0514688902 0.709284186 -0.0519661158 0.0204116963 0.477574676 0.0301957298 -0.168203294 0.401562274 0.0234608557 -0.167691976 0.392701477 0.0156949479 -0.148776889 0.383205146 0.0108296806 -0.142282441 0.380487084 0.024299724 -0.151083678 0.379651576 0.0130869579 -0.146258831 0.373095542 0.0185468923 -0.149803475 0.372708261 0.0216340199 -0.129130393 0.364307851 0.0261470079 -0.122298576 0.365181804 0.00858511869 -0.106414549 0.363503486 0.0246577486 0.140624195 0.368960708 0.0372645631 0.11352665 0.366122842 0.0202966686 0.128648803 0.364827812 0.0155239413 -0.115933299 0.455106169 0.0243858844 -0.105785705 0.363747388 0.0260401089 -0.1481352 0.385195851 0.0224929284 -0.167943165 0.387735546 0.0208495129 -0.145647809 0.384873569 0.026918795 -0.152990624 0.371621519 0.0296091326 -0.145813346 0.379343688 0.023674367 -0.13995564 0.369041711 0.0310243741 -0.143440932 0.375588596 0.0341986641 -0.138479948 0.39181456 0.0233193189 -0.115071118 0.459540099 0.0156241572 -0.137138188 0.465189099 0.0232269168 -0.132050022 0.466683626 0.036744155 0.00533452723 0.657519698 0.0276078042 -0.140642747 0.459845394 0.0241996627 -0.111420698 0.370545357 0.0372594111 -0.10702949 0.379494309 0.0408377871 -0.115499698 0.374406904 0.0267433692 -0.117892303 0.450353533 0.0301723387 -0.109910667 0.462405086 0.035549134 -0.114003859 0.451896399 0.0404330418 -0.123450488 0.438170344 0.0162714403 -0.11171288 0.455790758 0.0413974971 -0.113403939 0.446046978 0.0338210538 -0.115046613 0.443048239 0.0135921361 -0.106385387 0.451374084 0.0318546295 -0.105458274 0.453036487 0.0291649681 -0.106895946 0.443449527 0.030814074 -0.0277853198 0.49039036 0.0407585837 -0.14521578 0.388762534 0.040028546 -0.14121522 0.399819404 0.0486230627 -0.158585802 0.411365181 0.0445952192 -0.158639342 0.421295792 0.0401778482 -0.162882149 0.410792947 0.0493069291 -0.139356032 0.403628975 0.0491692796 -0.142831132 0.443858624 0.0416419059 -0.143426284 0.446397156 0.0440990999 -0.150340155 0.438820839 0.0412136428 -0.140160963 0.387230515 0.0451993719 -0.129500538 0.411547393 0.0433580726 -0.139229 0.398065299 0.0460065454 -0.13587001 0.385907799 0.0515300445 -0.132966563 0.402376264 0.0525618456 -0.143104449 0.39244324 0.0512947999 -0.106348731 0.389959246 0.0444911607 -0.129055768 0.426696479 0.0495453179 -0.12509574 0.435819894 0.0358816721 -0.106150851 0.363894552 0.0457346588 -0.107605278 0.37330848 0.0503678061 -0.129683822 0.390511245 0.026256185 0.120501101 0.364849895 0.0230540261 -0.0698886961 0.0341047011 0.0456732251 -0.107176766 0.408949643 0.0434263647 -0.123691306 0.428432196 0.0503037348 -0.128721982 0.415663213 0.052504342 -0.118057989 0.445316434 0.0513290353 -0.123421982 0.42866978 0.0817053244 -0.071437791 0.671237171 0.0978884026 -0.0638731048 0.686421096 0.0627868101 -0.0695625022 0.704426348 0.0156886559 0.115973353 0.455370069 0.041125223 -0.10644155 0.427519709 0.0503201894 -0.106553167 0.429755181 0.0408766456 -0.105947576 0.45909515 0.0446338654 -0.030387681 0.490293115 0.0413346998 -0.0446920395 0.491374105 0.0501234606 -0.0413955748 0.486313879 0.0303732865 0.10102538 0.0163665246 0.0539239943 -0.0507628992 0.477977604 0.0534374267 -0.106057599 0.386766165 0.0531829484 -0.129067004 0.422563463 0.0542516485 -0.105976738 0.444617182 0.0701380894 -0.102510378 0.475710452 0.0187563784 0.151225179 0.373627216 0.0715401247 -0.0513820276 0.383252323 0.0715538114 -0.0678739622 0.407122076 0.0708415881 -0.0661104247 0.381848365 0.0734866634 -0.0314700864 0.394836187 0.0720059797 -0.0398140363 0.399334311 0.0712722391 -0.0386289954 0.379988521 0.0713852495 -0.0506369248 0.407309175 -0.0237926822 -0.0699325651 0.0336340144 -0.0219594873 -0.0886009932 0.034257032 0.0720467865 -0.0236339942 0.400411308 0.0716557503 -0.0245444886 0.379631281 0.0700337887 -0.0134852985 0.386532217 0.0732551739 -0.00786188897 0.401360929 0.0708719194 0.000533493643 0.403199285 0.0714900047 0.000450454099 0.381929219 0.071676597 -0.0131255398 0.408443391 0.0042975531 -0.0486917645 0.696190596 0.03539313 -0.0690808147 0.708158255 0.0201900974 -0.0259917192 0.579973996 0.0148739787 -0.0257338192 0.563360155 0.00620515505 -0.012903641 0.689798772 0.023412291 -0.0293979198 0.686758161 0.031610854 -0.051606223 0.686735749 0.0233918093 -0.0407905877 0.74154675 0.024352299 -0.025797775 0.749121726 0.0079230899 0.0253081564 0.568411887 0.00945472438 -0.00585104711 0.591814458 0.00840693433 -0.0143878032 0.586564839 0.00367376767 0.0505705811 0.697350025 0.0143954204 0.0645046681 0.697535515 0.00557119446 0.00473577483 0.673641562 0.00882156659 -0.0091092512 0.669195592 0.00420504436 0.00808638148 0.690454662 0.0172317307 -0.0193352811 0.669800401 0.0254362486 -0.000276946317 0.753737509 0.0376486108 -0.0721222609 0.692217886 0.0344212092 -0.063106671 0.721776664 0.0361582339 -0.055754941 0.732324123 0.0238096751 -0.00451326557 0.534225583 0.0295664333 -0.0288853198 0.551313579 0.0262801237 -0.0165722761 0.573726952 0.0345909037 -0.0308004078 0.590031803 0.0200497471 -0.0146627808 0.583171844 0.0262258556 -0.013516224 0.579774618 0.029738592 -0.0264147688 0.679831266 -0.0677553713 -0.0727121532 0.0341792852 0.0395199135 -0.0191678293 0.523986399 0.0292168111 -0.00180463342 0.569957018 0.0389421582 -0.0106294537 0.537317157 0.0257122144 0.00942509063 0.590978086 0.0236732531 -0.0121559426 0.592293978 0.030170057 -0.0104084788 0.589757025 0.0263844747 -0.00644198433 0.657354295 0.0383553766 -0.0121308882 0.660807073 0.0309461635 0.0117304344 0.589575112 0.0508864112 -0.0183644034 0.582537591 0.0532865003 0.000662764418 0.577577531 0.0505983196 -0.0239962041 0.68125844 0.0429573841 -0.0248305444 0.503973365 0.042545829 -0.0300119612 0.591932535 0.0498794541 -0.0118333707 0.670991123 0.0357772298 0.00286046951 0.538031876 0.0387932733 0.0124523072 0.53632468 0.0274274852 0.0133604798 0.572504103 0.0293253735 0.152128428 0.372864842 0.0243981928 0.150479317 0.379008621 0.03295248 -0.0234969947 0.671780944 0.0566747114 -0.026192788 0.749937057 0.0431626141 0.0161431916 0.753117621 0.0639450476 -0.0713108853 0.685015559 0.0634039789 -0.0616882592 0.723248601 0.0634145141 -0.0572537817 0.679079354 0.0660220087 -0.0605393946 0.688747585 0.0668784529 -0.0377070941 0.586058259 0.0158319809 0.148902312 0.382503927 0.0415210649 0.00503773056 0.568116784 0.0710353479 -0.0108241066 0.563520968 0.071402885 -0.0127425669 0.748597324 0.0678507239 -0.0668713227 0.68232888 0.0964972302 -0.0505609177 0.714054525 0.0740935281 -0.043004483 0.591875851 0.075706169 -0.0513097644 0.608502567 0.0747301131 -0.0553407483 0.648303211 0.0821426138 -0.0479407832 0.618401945 0.0689490065 -0.0553117134 0.67574805 0.0738903284 -0.0444496945 0.735945821 0.0552519895 -0.0454441607 0.741521239 0.0712777823 -0.0250288118 0.57106483 0.0809571669 -0.0387465023 0.594821334 0.0777398348 -0.0202216953 0.545210004 0.0784502178 -0.0176115353 0.570224643 0.0261771511 0.107280739 0.445640087 0.0389791578 0.106765799 0.431337148 0.0396184623 0.120207861 0.437149227 0.0914461687 -0.0073891636 0.740449965 0.0781349316 0.0107604293 0.568036318 0.09218622 -0.0565128066 0.605068862 0.0936648697 -0.0617218763 0.631568909 0.083900407 -0.0599492341 0.596387982 0.0853057355 -0.0668160841 0.628184199 0.097369276 -0.0628680587 0.655650973 0.103483051 -0.0630874932 0.667412758 -0.0700576976 0.102333136 0.475806177 0.0827884004 -0.050879173 0.655272722 0.091366373 -0.0440539978 0.670960963 0.104568467 -0.0462649688 0.669407189 0.048499357 0.0264806841 0.0151644116 0.0504092164 0.0155857205 0.00790308975 0.0344872028 0.0402835906 0.0080793798 0.0847940966 0.0113335242 0.743774056 0.096060589 -0.0239183158 0.733997166 0.112376854 -0.0551757067 0.678087652 0.108941257 -0.0422163606 0.675360143 0.116746821 -0.0430988856 0.700410247 0.109376214 -0.0260543283 0.719804525 0.106116571 0.0430257581 0.670364976 0.123425983 -0.0397274308 0.687776327 0.123940527 -0.0368508361 0.695463359 0.109672233 -0.00313424552 0.724276841 0.0206759628 0.0508864112 0.0147688072 0.023832703 0.0856555179 0.0153016942 0.0254886169 0.0785230249 0.00637807371 0.0263593588 0.069581002 0.0150679965 0.03478029 0.0990643129 0.00569192739 0.0382256322 0.10212639 0.0149070611 0.0360040218 0.0650789663 0.00624076789 0.0519508347 0.0640437678 0.00586912083 0.0587141365 0.096657373 0.00676032528 0.055478707 0.102035388 0.015468413 0.0641255304 0.0777071789 0.00619171374 0.0664517507 0.074913539 0.0157743767 0.0675382465 0.104280941 0.0356324017 0.0725288093 0.097933799 0.0336257704 -0.0724904463 -0.0109238066 0.37901932 0.0598806143 0.0387613922 0.0162700247 0.0719957277 0.0866964534 0.0169575009 0.0425705053 0.105971023 0.390869558 0.0455127135 0.131950229 0.411488771 0.0456769578 0.106420413 0.408594787 0.0170130581 0.107374638 0.462018013 0.00603888277 0.14397794 0.380617142 0.0212702807 0.145937473 0.384988785 0.0241850149 0.111431241 0.370306432 0.0214379709 0.13370353 0.464578062 0.0266400557 0.140595227 0.460352391 0.028962668 0.0367603227 0.51250267 0.0308276862 0.0275901519 0.490990758 0.0263281986 0.016866494 0.524179161 0.0305890534 0.0457892269 0.490740716 0.0290342234 0.106226906 0.361941248 0.0169121474 0.111695565 0.455964506 0.0304297078 0.106874175 0.454940915 0.0126639241 0.10625314 0.451907784 0.0314788334 0.115401246 0.445958883 0.0258617196 0.109731086 0.465158075 0.042407535 0.114752322 0.375700951 0.0367651246 0.107257806 0.378760785 0.024638664 0.11482849 0.457991391 0.0270458013 0.117746882 0.450203657 0.0358820595 0.114419363 0.45137918 0.029290719 0.144426182 0.378260523 0.0334441848 0.139143959 0.391172409 0.0723064244 0.0993036181 0.472774118 0.032069914 0.148189396 0.379767925 0.015324844 0.168726578 0.392994016 0.0227947421 0.168708324 0.388215512 0.0272783414 0.168998018 0.399459809 0.0268573426 0.146756053 0.387783855 0.0442424044 0.0301095489 0.490291774 0.040134754 0.0193359964 0.523162603 0.0478452332 0.0398098528 0.485838532 0.0411349237 0.0451350957 0.491160899 0.037321493 0.0346815959 0.520153046 0.053646218 0.0487490296 0.490712792 0.0515424348 0.106611386 0.391263545 0.0493725911 0.10577178 0.431386948 0.0443687253 0.114206836 0.442959338 0.0150530273 0.0253988951 0.562516093 0.0218725689 0.0291751195 0.54430002 0.0496843532 0.130644158 0.387920231 0.0485323481 0.105852753 0.376543701 0.0452872626 0.125094444 0.421924293 0.0516593568 0.123307899 0.42735076 0.0406259373 0.123740464 0.438186377 0.0475492328 0.124821924 0.437185854 0.0438946225 0.139890492 0.390043348 0.0438717753 0.144189984 0.388571441 0.0525126457 0.143096268 0.391597599 0.0450758263 0.156190395 0.4183667 0.045158349 0.128522456 0.428980678 0.0466032811 0.13694869 0.408474296 0.0403536446 0.144639999 0.448168874 0.0490534492 0.144455135 0.443099886 0.0442997068 0.151488826 0.437288225 0.0529356748 0.138739645 0.400251448 0.0577069335 0.0481829531 0.478286535 0.0566336066 0.0360615067 0.489845425 0.0532583892 0.131268874 0.417811096 0.0537779592 0.10606046 0.388634384 0.0516551323 0.132558733 0.403043926 0.07232178 0.0136507722 0.37966451 0.0723018721 0.0121587077 0.399469137 0.0721277744 0.0203335732 0.399393618 0.0711275786 0.0299431309 0.384940356 0.0715897009 0.0353338011 0.401641339 0.0742023215 0.0384319723 0.39089483 0.0719776675 0.0494526476 0.387758046 0.0718937665 0.0666054636 0.38114351 0.0712975487 0.0547422543 0.388606101 0.0717095137 0.0547168739 0.399520308 0.0707950667 0.0685026497 0.395766139 0.0178369731 0.0133254658 0.663056314 0.0142958332 0.0202578474 0.680088282 0.0138654914 0.0128418403 0.593604386 0.00848126039 0.0146151287 0.58647579 0.0856184438 0.0177407432 0.551302969 0.0207556374 0.0245354269 0.748737574 0.0079469448 0.0214819852 0.593851805 0.029458208 0.0289275274 0.591411352 0.0205375813 0.0246167947 0.597736955 0.0338580497 0.0514150038 0.686005771 0.0218181703 0.0175584778 0.582381427 0.0233682282 0.0106341094 0.580860078 0.0282194987 0.0186462551 0.593217134 0.028548399 0.0282339416 0.554501176 0.0206098352 0.0261396281 0.578558147 0.0362459905 0.0188643821 0.576653004 0.0423248969 0.0298299585 0.5920012 0.0702168494 0.0201518051 0.747600794 0.08110594 0.0414689817 0.734198332 0.054132998 0.0393836498 0.744738221 0.0789146647 0.0244813878 0.5763399 0.0881701484 0.0364506133 0.566681206 0.0809183046 0.037448924 0.593273997 0.0377658978 0.0703597069 0.705724835 0.0362646133 0.071231544 0.692273915 0.0523369126 0.0169920195 0.581355512 0.0223837532 0.0465177111 0.737525702 0.0432080775 0.0609943606 0.727062225 0.0648295134 0.020978421 0.552435637 0.0645132735 0.0401205271 0.573161304 0.0710509196 0.0274062902 0.574089706 0.0628844723 0.0365173221 0.587119579 0.0439375192 -0.0301204547 0.478594095 0.0631860718 0.0724840388 0.685756862 0.0630096644 0.0566016063 0.678736389 0.0652853176 0.0551370494 0.730940163 0.0663821772 0.0614049509 0.68919152 0.0620407648 0.0669306889 0.713688731 -0.0287313499 -0.10083618 0.0337686837 0.0708075091 0.0176964011 0.565147936 0.0734606758 0.0413512439 0.589359522 0.0808728188 0.0491071679 0.571695328 0.0775789544 0.0244429801 0.546866 0.0758220628 0.0519422106 0.610167503 0.0821382552 0.0475771688 0.616274893 0.0837676227 0.059853036 0.596381009 0.0752204582 0.0546791591 0.64080894 0.0711909756 0.0557704754 0.671624362 0.0848106146 0.0692689568 0.646839023 0.0851088986 0.0652688965 0.618764043 0.0680777803 0.0656369478 0.680972219 0.0724364296 0.0433136038 0.677612662 0.105668671 0.00812622067 0.729804695 0.0809017345 0.0715992898 0.673163056 0.106230214 0.0614937991 0.671737313 -0.0699664578 -0.10265585 0.475817412 0.100595944 0.031256821 0.726886034 0.0906770453 0.0485343412 0.585402846 0.0925513357 0.0580377951 0.609229922 0.0830717906 0.0509607904 0.656022787 0.0956455842 0.0634151623 0.650143862 0.0975865945 0.055174157 0.663830817 0.0924649388 0.044549223 0.670507133 0.110710964 0.0410199687 0.680924833 0.124208234 0.0384149142 0.687303662 -0.0707029626 -0.103067726 0.0798414201 -0.0592363067 -0.0628859103 0.034265928 0.00260942802 0.0713247731 0.0161558334 -0.0707530975 0.103053175 0.0802016109 0.0857619345 -0.0208422672 0.552777708 0.0237927362 0.0699325725 0.0336340033 -0.0719449446 0.000441871962 0.329477608 -0.071951054 -0.0131893121 0.350991338 -0.0722674206 -0.0142995901 0.327128768 -0.0249552112 -0.0496805012 0.489816189 -0.0210831854 -0.0288976319 0.477818102 -0.00261216913 -0.0713187158 0.0161481667 0.0711442903 0.0143517433 0.341571569 0.0722067654 0.00127659587 0.32854104 0.072227627 -0.00145718548 0.352756321 0.0715418458 -0.0139682181 0.332639068 0.0724639371 -0.0141829066 0.353771269 -0.0709850043 0.10245873 0.036675334 -0.0714713112 0.0549509712 0.381939292 0.0709089041 0.103077576 0.0796845183 -0.0720705688 0.0217725392 0.378953397 -0.0721194446 0.0167936943 0.404297113 0.0706573576 -0.10303662 0.0803197175 0.070957996 -0.102538414 0.0369361751 -0.0194844678 -0.0309060123 0.489534318 0.0219595097 0.0886011794 0.0342571177 0.02872812 0.100770809 0.0337948799 0.0591548756 0.0628723353 0.0342486277 -6.04280181e-10 -0.0410000049 0.485633582 -2.06801842e-09 0.0410000049 0.485511899 -0.072105661 0.0705673173 0.409038186</float_array>
          <technique_common>
            <accessor source="#positions_array" count="774" stride="3">
              <param name="X" type="float" />
              <param name="Y" type="float" />
              <param name="Z" type="float" />
            </accessor>
          </technique_common>
        </source>
        <source id="normals">
          <float_array id="normals_array" count="5253">-0.355204821 -0.917937636 -0.1766918 -0.644628108 -0.728148639 -0.232925192 -0.526213944 -0.764271021 -0.372811913 0.626785219 -0.603736758 -0.492587298 0.623129785 -0.647585511 -0.438568503 0.707307994 -0.411079407 -0.575090528 -0.160298824 -0.00342459069 -0.987062573 -0.163320377 -0.000756315712 -0.986572802 -0.157553494 -0.00473709311 -0.987499118 -0.735120833 -0.513370156 -0.44277364 -0.745926499 -0.00083379494 -0.666027784 -0.810937345 0.00252325553 -0.585127592 -0.743854105 -0.000934261596 -0.668341398 0.0157862417 -0.95086956 0.309189111 0.00219199341 -0.964266956 0.264923543 -0.0722977743 -0.982916296 0.169259027 -0.737429142 -0.674182773 -0.0409375429 -0.683744371 -0.7296893 0.00686947443 -0.743775189 -0.666555762 -0.0500186011 -0.109699152 -0.954220474 -0.278261364 -0.294844836 -0.880221426 -0.371855795 -0.952775955 -0.227474615 -0.201179773 -0.911870122 -0.269684613 -0.30945614 -0.928644061 -0.254522949 -0.269885629 -0.961541593 -0.215186417 -0.170682535 -0.768242657 -0.63522464 -0.0793272927 -0.95940721 -0.236695498 0.15333955 0.213829592 0.55891639 -0.801179945 -0.0816543475 0.643181086 -0.76134795 0.281563312 0.530806422 -0.799353898 0.846403241 0.42258203 -0.324077219 -0.166850328 0.656245053 -0.73586911 0.125176027 -0.954030812 -0.272316366 0.238279641 -0.964095891 -0.117226191 0.142283842 0.988272369 -0.0554351658 0.230398551 0.966014862 0.117182605 0.0680243224 0.979075789 -0.191789746 0.269227773 0.942566216 0.197699964 -0.0120126717 0.0112803383 -0.999864221 -0.0139054712 0.00375376083 -0.999896288 0.0286903549 0.106998168 -0.993845165 0.621887624 -0.77880615 -0.081955798 0.0125070587 -0.790363848 -0.612510026 -0.647432625 0.748577476 -0.143048242 -0.486768007 0.871693909 -0.0566272624 -0.613731027 0.789399207 0.0135319298 0.831997395 -0.41717115 -0.365716487 0.954236329 -0.195214674 -0.226548672 0.854297042 -0.461116165 -0.239892438 0.824008703 -0.358064532 -0.439089358 0.700036526 0.542806745 -0.464014828 0.983767867 0.144500151 -0.106397718 0.987196863 0.144374564 -0.0678110868 -0.544506192 -0.774539649 -0.321871668 -0.546255827 -0.756674111 -0.359233677 -0.445052683 -0.883234501 -0.147732452 -0.263622016 -0.915289223 -0.30454731 -0.00151380163 0.786395907 -0.617720962 0.00119374343 0.740675807 -0.671861529 0.00132780347 0.738312542 -0.67445749 -0.162719011 -0.903549731 -0.396384209 -0.0215202719 0.0356331393 0.999133229 -0.109671153 0.0107677486 0.993909597 -0.0404297262 0.0299821794 0.998732448 0.182662234 -0.98213774 -0.0451658778 0.2209194 -0.96525681 0.139548883 0.0366542675 -0.999295652 0.00804186892 -0.0189405084 -0.0166944079 -0.999681234 -0.0527902916 -0.0363266356 -0.997944653 -0.0185013041 -0.0160952564 -0.999699295 -0.999424398 0.0319857448 -0.0113029052 -0.999556243 -0.0297361556 0.00173791614 -0.999641776 -0.00496820966 0.0262997411 -0.998050869 0.0532547832 -0.032532122 -0.99996531 0.000598908926 -0.00830819178 0.990032315 -0.0543206669 -0.129943371 -0.999935389 0.00607076101 -0.00960914232 -0.997949004 -0.0313174687 0.055830162 -0.999508798 0.0299492348 -0.00923383795 0.751361787 0.289937288 0.592783153 0.76720047 0.281677306 0.576247633 0.458253503 0.427525789 0.779246688 -0.998645604 -0.0516472608 0.00628865277 -0.999180198 -0.0379087143 -0.0142087443 -0.975954771 -0.0682583079 0.207009986 0.275280148 0.961017847 -0.0257984865 -0.0472832285 0.99464345 -0.0919170976 0.0630299672 0.995563984 -0.0698537305 -0.947197199 -0.128755152 0.293665737 -0.984921038 -0.0723946989 0.157128945 -0.956346095 -0.133270726 0.260079026 -0.170239508 -0.918938994 0.355766326 -0.517656207 -0.840172827 0.161683723 -0.132159129 -0.917721689 0.374594241 -0.985592306 0.0924081504 0.141663656 -0.878769159 0.209878072 0.428620994 -0.974703372 0.0801488236 0.208637252 -0.97216624 -0.0910411701 -0.215880409 -0.602299631 -0.70641917 0.371762186 -0.661614597 -0.642316639 0.386904985 -0.514942706 -0.783962488 0.346751869 -0.990758359 0.0283694398 -0.132638752 -0.795961559 -0.202533469 -0.570460677 -0.942990422 0.275591761 -0.186596379 0.956481993 0.108332939 0.270935774 0.968208492 0.107643656 0.225799039 -0.301210672 -0.195168078 -0.933371067 -0.595014811 -0.324712187 -0.735200226 -0.0158291254 -0.965656579 0.259339273 -0.203908473 -0.90952462 0.362196535 -0.0922278687 -0.951987386 0.291914523 -0.243476227 -0.854586244 0.45869559 -0.315076828 -0.833820641 0.45328775 -0.94961077 0.210294098 0.232412815 0.132490963 0.924228489 -0.358117074 0.121116757 0.946048319 -0.300538421 0.114120848 0.905315638 -0.409121096 -0.0179612823 0.890086174 -0.455438197 -0.152637452 -0.896119177 0.41674 -0.142401591 -0.899008453 0.414132297 -0.984586358 -0.113579459 -0.133001685 -0.857912958 -0.498630345 -0.123907976 -0.851232111 -0.166601628 -0.497642219 -0.436220318 -0.84024322 0.32202968 -0.907751739 -0.129990757 -0.398859829 0.999262989 -0.035002429 -0.0157588962 -0.994415998 -0.0871289 0.0595430061 -0.99869585 -0.0437330045 0.0263446886 0.220965505 0.805800974 -0.549416959 0.276845276 0.843614936 -0.4600766 -0.963801801 0.129956439 0.232803389 -0.958058298 0.149912834 0.244234413 -0.989894748 -0.0557761788 -0.130373985 -0.98039645 -0.0821263716 -0.179103389 -0.757864296 -0.652372539 -0.0071949712 -0.328146428 -0.603038251 0.727093399 -0.492509753 -0.249074176 0.833904207 -0.374518454 -0.082173489 0.92357105 -0.0431602038 -0.998656809 -0.0286657959 -0.0184102748 -0.998693168 -0.0476766527 0.0198458023 -0.997866333 -0.062200401 -0.211769387 -0.975090802 0.0659668669 -0.185338676 -0.978140831 0.0942871794 -0.115736656 -0.989272058 0.0891393125 -0.45026201 -0.875124037 0.177262574 -0.314518005 -0.870591521 0.378350139 -0.382472187 -0.900706708 0.206015602 -0.0772205219 0.988367617 -0.131020755 -0.134182602 0.976666987 -0.167680085 0.199642286 0.979866147 -0.00230722432 0.964300036 -0.0557022057 -0.25888747 0.945085585 -0.0307973567 -0.325368643 0.947289705 -0.0551686026 -0.315592587 -0.13722527 -0.940933585 0.309537053 -0.0791880712 -0.949642241 0.30316478 -0.125793606 -0.955747366 0.265937746 -0.281956762 -0.430638462 -0.857351124 -0.597338915 -0.379869044 -0.706318438 -0.472905546 -0.46240285 -0.750029325 -0.490727842 -0.381689131 -0.783262134 -0.922126651 0.38688612 -0.00126385957 0.125652432 0.942008495 -0.311177582 -0.0261517484 0.897218049 -0.440812796 -0.400737882 -0.507453144 0.762823999 -0.411345154 -0.43352294 0.801781178 -0.379802972 -0.610298216 0.695187569 -0.00525555992 0.999928832 -0.0107113933 0.00681990944 0.999902844 -0.012155694 -0.0146152843 0.996150136 -0.086436756 0.532233238 0.43082875 0.728775978 -0.806457937 -0.254060149 -0.533927977 -0.513886392 -0.388187557 -0.765004039 -0.551979661 -0.361850649 -0.751253963 0.304596186 -0.585024238 0.751643419 0.336809665 -0.613410532 0.714343548 0.300060928 -0.550789654 0.778841615 0.291417032 0.513153791 0.807309926 -0.0405985638 -0.792142153 0.608984828 0.0652316734 -0.808544219 0.584808528 0.203996003 0.787391305 -0.581722021 -0.165448725 -0.861949563 0.479238629 0.293678433 0.706586063 -0.643808246 0.190680131 0.667004883 -0.720239937 -0.0958060622 -0.739736617 0.666041255 0.384928137 -0.627925813 0.676416695 0.423903763 -0.618974924 0.661192536 0.959890306 -0.128436089 -0.249228343 0.802125275 -0.218682781 -0.555673361 0.955117583 -0.139897808 -0.26111117 -0.777073145 0.33396244 0.53350389 -0.641278863 0.413606465 0.646290302 0.398289233 -0.83538729 -0.378805697 -0.076811403 -0.9943223 0.0736423731 -0.998019576 -0.0595660396 0.0202177316 -0.997186661 -0.0218558386 -0.0717011169 -0.992766798 -0.00181791303 -0.120044969 -0.0876548812 -0.870769382 0.483815372 -0.0257782154 -0.996320069 0.0817421153 -0.036675632 -0.962010145 0.270539075 -0.134657443 -0.981821537 -0.133767918 -0.056128338 -0.978141248 0.200223252 -0.280395985 -0.721349001 -0.633272231 -0.021722924 -0.98436445 0.174799159 0.667921424 0.199863285 -0.716893077 -0.114418149 0.82385993 -0.55512464 -0.122108437 0.855499029 -0.50320065 -0.430866599 -0.350052118 -0.831755698 -0.110140011 -0.388044953 -0.915035665 -0.0789696649 -0.44329375 -0.892891049 -0.0776453763 0.82930994 -0.553368092 -0.733660638 -0.23042804 -0.639253497 -0.89278239 -0.163773015 -0.419664234 -0.823544443 -0.264810652 -0.501647174 -0.630818963 -0.111475095 -0.767880678 0.145935461 -0.443806499 -0.884159863 0.188513905 -0.450273901 -0.872763395 0.474097013 -0.348781139 -0.808445275 -0.231704205 -0.222404972 -0.947021246 0.4437567 0.588423193 0.675898015 -0.210162744 -0.425993532 -0.879977942 0.466011941 0.376135707 0.800846279 0.527353704 0.329496592 0.783153951 0.557310402 0.304967195 0.772269428 -0.361147881 -0.678195775 0.640017748 -0.241976872 -0.41468513 -0.877202034 -0.947013676 0.0659276471 0.31435436 -0.946745336 0.0659495816 0.315157026 -0.853469908 0.182846859 0.488012493 -0.815214694 0.178052843 0.55110991 0.430993199 0.400812507 0.808451712 0.0310400203 -0.752398551 0.657976389 0.0384824313 -0.696730018 0.716300488 -0.062098451 -0.624847889 0.778273046 0.885595024 -0.34331286 0.312822282 0.0248924736 -0.00359795522 -0.999683678 0.164450034 0.0725210905 -0.983715832 -0.517056108 0.442505836 0.732694685 0.0264534969 0.612223327 -0.790242255 -0.417078584 0.50454545 0.755962551 -0.0635732636 -0.995544434 0.0696395859 -0.141350284 0.617984474 -0.773379147 0.0346079469 -0.801385164 0.59714663 -0.847177744 -0.290258437 0.445016682 -0.638095617 -0.676340997 0.367963016 -0.70691824 -0.544493198 0.451435149 -0.161491334 -0.955696225 0.246100247 -0.1589223 -0.948507488 0.274002224 -0.159277648 -0.934511721 0.318305701 0.906428516 -0.0506514274 -0.419311076 0.858413458 -0.0684305802 -0.508373499 0.888001621 -0.075704962 -0.453565747 -0.182476923 -0.962037086 0.202945367 -0.74644655 -0.262702763 0.611395776 -0.579334497 -0.107099213 -0.808023095 -0.534528136 -0.304118931 -0.788537502 -0.744229734 -0.194927245 -0.638846934 0.866288602 0.015982233 -0.499288112 -0.829696298 -0.152637571 0.536941171 -0.824064553 -0.0977479145 0.557999015 -0.878815055 -0.15972665 0.44963491 -0.163208514 0.974035203 -0.156902581 -0.101596519 0.988909066 -0.108337723 -0.0778069422 0.991687179 -0.10248217 -0.846119106 0.0290821772 0.532199919 -0.714751542 0.0506279282 -0.697543621 -0.69159621 0.0192400031 0.722028017 -0.421374083 -0.325815231 -0.846338212 -0.496861011 -0.387245387 -0.776640296 -0.42400521 -0.803661823 0.417549163 -0.353863746 -0.163657323 -0.920867383 0.632965147 -0.584288001 -0.507900178 -0.168645412 -0.973697782 0.153203592 0.834135115 -0.0053494419 -0.551534235 0.819262743 -0.0648175254 -0.569743156 0.918282688 0.15689835 0.36351046 -0.418307513 0.871533811 -0.255827487 -0.250171363 0.945664227 -0.207686037 -0.515581727 -0.24312067 -0.821625113 -0.542946637 -0.310052097 -0.780433595 -0.417504907 -0.0424669757 -0.907681763 -0.449105471 -0.262180507 0.854146123 -0.479050547 -0.581414938 0.657622397 -0.763787448 0.246515736 0.596538961 -0.80486691 -0.0549615063 0.590904832 0.623939574 0.120324291 0.772153795 0.611426055 0.0791634992 0.78733182 0.638137102 0.172945261 0.75024724 -0.413984448 0.0811517686 0.906659424 -0.0101281842 -0.00363217294 -0.999942124 -0.0074896575 -0.00273379544 -0.999968231 -0.00492709177 -0.0018612803 -0.999986112 -0.318742752 0.0917936862 -0.943385899 -0.353090227 0.0729119107 -0.932743847 -0.245316014 -0.00704741525 -0.969417572 0.64009434 0.753587127 -0.149618626 0.650604904 0.755369484 -0.078295365 0.727295876 0.632728398 -0.265886188 -0.483465999 -0.872443199 0.0714384615 -0.295174539 -0.949313998 0.10805051 0.576291025 0.799807549 -0.167918473 -0.989709973 -0.044078365 0.136129424 -0.299348772 -0.107991956 -0.94801271 -0.446712732 -0.43039003 -0.784354627 -0.396222204 -0.0103093367 -0.918096781 -0.0242755599 -0.587140501 -0.809120953 -0.80266577 0.0228581727 -0.595990896 0.106021009 -0.545517862 -0.831366241 0.879973233 -0.410663962 -0.238751411 -0.810759008 0.56555438 -0.151056528 -0.630456507 0.689107716 -0.357288629 -0.822948515 0.552440405 -0.132534415 -0.769554257 0.629960537 -0.10457547 -0.793339908 0.604624987 -0.0709960163 -0.776949942 0.624283969 -0.0813526586 -0.0128726717 -0.00456662662 -0.999906719 -0.734407425 -0.341947347 -0.586274505 -0.748444974 -0.541736901 -0.382558793 -0.755680501 -0.541813493 -0.367947161 -0.922300518 0.362700552 -0.133454278 -0.857190311 0.505336642 -0.0992956385 -0.981788874 0.120485999 -0.14688018 -0.774004817 0.613869429 -0.155179888 -0.269927233 0.224263191 -0.936400175 0.803202689 0.592145026 -0.0650366098 -0.0947970748 0.307579398 -0.94678849 -0.0659642965 0.158917487 -0.985085726 -0.170125142 0.62578088 -0.761219859 0.147047713 -0.963516176 0.223637208 0.238606855 -0.969875574 -0.049073182 0.212100908 -0.976591289 0.0358138829 0.0794187337 -0.915299118 0.394867301 0.0585485436 -0.194692552 -0.979115367 0.0364997089 0.0386517383 -0.99858588 -0.0119314166 -0.0650948212 -0.997807741 0.172537401 0.940221786 -0.293621898 0.179375425 0.943292916 -0.279325873 0.168481991 0.938295007 -0.30202046 0.183228284 0.94492358 -0.271195173 0.253832251 0.364662111 0.895874262 0.301050574 0.317251295 0.899288714 0.142541274 0.338392019 0.930146694 -0.594447076 0.767831743 -0.238887072 -0.140578851 0.963582814 -0.227476805 -0.466660976 0.880693853 -0.0812762827 0.905497372 -0.338880628 -0.255410343 0.919269383 -0.302103937 -0.252343029 0.70664221 -0.554188728 -0.439922363 0.932862103 0.219898865 -0.285329312 0.954534769 0.282499433 -0.0951708481 0.888209701 0.415225178 -0.196650907 0.849493086 0.377076566 -0.369018704 0.869207501 0.47103548 -0.150345862 0.965033412 0.231544971 -0.122871667 0.00185026648 -0.0185811073 -0.999825656 -0.00613744184 -0.00143757591 -0.999980152 0.0101650711 -0.00471521635 -0.999937236 -0.644329965 -0.755585551 -0.118022591 -0.639919579 -0.765482724 -0.0673728585 -0.0333154649 0.955310941 -0.293719381 -0.934895635 0.351652145 0.0480720997 -0.9996261 0.0240611341 -0.0129901916 -0.996207297 0.0862917975 0.0111707542 -0.991926134 -0.12559779 0.0175432544 -0.90400666 -0.421982199 0.0685784966 0.0320976898 0.461302131 -0.886662304 0.944223464 -0.0818230882 -0.318978131 -0.16775699 0.985662639 -0.0180762615 0.190599307 0.98103559 0.0352287963 -0.999821544 0.000882549677 -0.0188694913 -0.999125719 -0.00685575558 -0.0412406474 -0.997417688 0.0385566615 -0.0605914406 -0.539912581 -0.189268425 -0.820165753 -0.998876572 0.0372520313 -0.029289294 0.270985782 0.0670513138 0.960245192 0.00535685802 0.979655623 0.200614393 -0.0194459651 0.97429949 0.224415526 0.343753725 0.937701941 0.0504816957 -0.0911358371 -0.986467123 -0.136297047 -0.111308493 -0.981758177 -0.154147118 -0.132849142 -0.985895216 -0.101792298 0.443865746 -0.895617187 -0.0292064808 0.702505589 -0.687138319 -0.185274854 0.615572631 -0.787960112 -0.0137523841 0.931663156 0.0184091832 -0.362856567 0.93425411 0.0218137018 -0.355940193 0.935327768 0.018521307 -0.353297204 -0.3287251 0.834858477 0.441532731 -0.507287025 0.79382056 0.335423231 -0.532760322 0.670166969 0.51676172 -0.518438637 0.854440808 0.0339455307 -0.209038526 0.966858685 0.146585092 -0.522049665 0.852473736 0.0274346936 -0.0524051823 0.445966959 0.893513978 -0.166440934 0.926477611 0.337544978 -0.125662431 0.952416599 0.277689636 -0.131082729 0.931444108 0.339454204 -0.019910628 0.9441939 0.328787923 -0.985820055 -0.0460305661 -0.16136919 -0.994938791 -0.0440028869 -0.0903355181 -0.992668629 -0.0694458112 -0.098925665 -0.0599960051 0.998058438 -0.0167283509 -0.114141971 0.993426323 0.00870162528 -0.0401224084 0.998800516 -0.0280654225 -0.165760681 0.980451107 0.106014326 -0.204218075 0.974023819 0.0978394747 -0.263023913 0.945919871 0.189878985 -0.732630789 0.286177367 -0.617539167 -0.642189562 0.275907904 -0.71516943 -0.891685605 0.149762258 -0.427162856 -0.993335783 -0.0192528721 0.11363712 -0.941640675 0.170149058 -0.290451586 -0.978201091 0.072760798 -0.194495603 -0.195415884 0.884813726 0.42298612 -0.222885892 0.826119065 0.517541468 -0.0237485599 0.824471116 0.565405488 0.492234319 -0.796272397 -0.351647109 0.392707467 -0.738230526 -0.548449218 0.34705475 -0.757083178 -0.553514242 -0.384231836 -0.902676582 -0.193754718 -0.509880424 -0.854369283 -0.100374617 -0.127960801 -0.903873265 -0.408214599 -0.546414793 0.274962246 0.791092038 -0.401385039 0.0719666258 0.913077652 -0.517785251 0.231603235 0.82356447 0.959632039 0.0885507464 -0.266955197 0.769204795 0.0853577703 -0.633275628 0.792423069 0.117857501 -0.598477423 -0.993148923 0.0330007598 -0.11209888 -0.897891939 -0.410967171 -0.157784671 -0.303503156 0.279754341 -0.910836637 -0.536493719 0.333014518 -0.775419772 0.878611028 -0.246960327 0.408721477 0.996811152 -0.0701305419 0.0380689725 0.961337507 -0.112902984 0.251163542 -0.281938136 0.7526896 0.594953179 -0.185717791 0.867104769 0.462210149 0.0606012866 -0.888091087 -0.455655217 0.291652471 -0.882124066 -0.369859427 0.362888247 -0.881223202 -0.302915543 -0.1687603 -0.329385847 -0.928991318 -0.22878398 0.893102169 0.38733241 -0.979208589 0.0974051207 -0.177940533 -0.987778366 -0.0625608414 0.142758757 -0.98793745 -0.0836587772 0.130310282 -0.857096195 0.250743657 -0.450015306 -0.945857406 0.180580035 -0.269712031 -0.770216048 0.363135964 -0.524308562 -0.303243309 -0.378940403 0.874327004 -0.334145039 -0.391210765 0.857497096 -0.535634816 -0.350846529 0.768115878 -0.932080746 -0.175270125 0.317026645 -0.961111009 -0.179131135 0.210184768 -0.30115205 0.408465534 -0.861663103 -0.510616302 0.376708508 -0.77289176 -0.232411578 0.449043036 -0.862754464 -0.0960199609 0.925610781 0.366094083 -0.281767458 0.93253988 0.225779802 -0.44875589 0.881994426 0.143888786 -0.480359077 0.642196298 0.597360075 -0.124941222 0.859005094 0.496487588 -0.113271549 0.851950407 0.511224091 -0.298791081 0.935322642 0.189460844 -0.729540467 -0.356783211 0.583503604 -0.93433702 -0.155469403 0.320692301 -0.535083711 -0.31657353 0.783241093 -0.613962233 0.387834162 0.687484622 -0.142954782 0.728922427 0.669504285 -0.239525363 0.787612975 0.56770891 -0.0956726894 0.774088383 0.62580663 0.396637172 0.594927132 0.699099898 0.453308642 0.590472758 0.667722404 0.394175828 0.612209439 0.685437858 -0.59477061 0.364055663 -0.716736615 0.260700017 0.667777359 0.69721514 0.479108155 -0.416469604 0.772663176 0.720411301 -0.294936329 0.627710223 0.550817788 -0.355898321 0.754941165 -0.730535507 0.312496006 -0.607177198 -0.501469672 0.366648018 -0.783643663 -0.783873379 0.258912623 -0.564364076 0.186570674 0.709190905 0.67988205 -0.520478189 -0.847878635 -0.101016149 0.0313166827 -0.879618168 -0.474648416 -0.102768496 0.81486398 0.570469439 0.0288592298 -0.891091466 -0.452905208 -0.241185591 0.776277661 0.582428157 -0.391534567 0.399405867 -0.828960538 -0.141775116 0.950182021 0.277585894 -0.367166519 0.926139176 -0.0863419399 -0.128470555 0.919496953 0.3715114 -0.0806532726 0.937291563 0.339086294 0.0197181441 -0.898260295 -0.43902126 -0.499583304 -0.671677291 -0.547052264 -0.406433076 -0.689664006 -0.599312723 -0.496677488 -0.679564178 -0.539911091 -0.132841885 -0.847557724 -0.51380825 -0.53492558 -0.335670114 0.775358081 -0.828772068 -0.138056219 -0.542289019 -0.824529946 -0.428070188 -0.370008409 -0.834752798 -0.188580647 -0.517324984 -0.434088588 0.826646328 -0.358082294 -0.136294156 0.990327954 0.0259698872 -0.112689175 0.894878209 0.431849658 -0.513563573 0.496494383 0.699818373 -0.550845504 0.362734467 -0.751660109 -0.681962907 0.341016978 -0.647019386 -0.699365318 0.317752838 -0.640250981 0.130158246 0.0219919384 -0.991249323 0.147177026 0.0686083436 -0.986727834 0.108180091 0.0357247852 -0.993489206 0.827119708 0.528738081 0.190549269 -0.334601551 0.495468229 0.801594079 0.0460449718 0.924533844 -0.378308088 -0.00336722261 0.8470186 -0.531552613 0.0583679043 0.939534843 -0.337442547 -0.450460047 -0.223442495 0.864383698 -0.0360375531 0.780809164 -0.623729348 0.0875727162 0.26681447 0.959760964 0.0352060013 0.532043457 0.845984817 0.183066666 0.00983345136 -0.9830513 0.15197064 0.110297956 -0.982211411 0.611002266 -0.657543004 0.440810025 0.332257241 -0.394287497 0.856821179 -0.101884268 0.742236376 0.662347913 -0.661527097 -0.501806021 0.557290375 -0.834033191 -0.200841501 0.513859212 -0.774874866 -0.250717998 0.580266654 -0.966408014 -0.0645890161 0.24876453 0.0344069116 -0.890210092 -0.454248935 -0.343873531 0.405018479 -0.84717828 -0.504273713 -0.706047475 0.497197151 0.171731621 -0.415419519 0.893271983 0.429243743 -0.405019611 0.807284951 0.149067014 -0.384754241 0.910902441 -0.810203791 -0.488425851 -0.324052513 -0.0389196835 0.426127017 -0.90382576 -0.00279699033 0.42772761 -0.903903365 0.00581488851 0.42334795 -0.90594852 -0.227795094 0.40852353 -0.883865297 -0.13661316 -0.870900691 -0.472089887 -0.0299552903 0.832160175 0.553725719 -0.108192809 0.506597221 0.855367482 -0.0200919639 0.635707617 0.771668375 0.0450119525 0.376077056 -0.925494432 0.0673712268 0.995203435 0.0709314421 0.0198722761 0.998347044 -0.0539288335 0.110028766 0.99387747 0.0100608123 0.0131580364 -0.965617359 -0.259634346 -0.990766227 0.101190604 -0.0902373418 -0.910396576 0.121566609 -0.395473957 -0.94126761 0.117253639 -0.316649377 -0.995571911 0.0938612521 -0.00516556948 -0.0343662202 0.989610434 0.139607325 -0.176500067 0.972157001 -0.154137954 -0.0684446394 0.97092694 0.229382142 0.17730239 0.528143704 -0.830438495 0.120297506 0.47120145 -0.873783588 0.427740514 0.410701513 -0.805209458 0.240918502 0.410965264 -0.879241645 -0.890201271 0.164674252 0.42476359 -0.967370808 0.100595348 0.232538849 -0.939404666 0.129919976 0.317237586 -0.899628997 0.124583423 0.418505281 -0.883538604 -0.0666213632 0.463595867 -0.821136951 0.0845967159 0.56442672 -0.826510429 0.180655777 0.533145368 -0.0438992903 -0.993202031 -0.107807964 -0.0583004132 -0.992652953 -0.106024295 -0.765519798 0.29129374 0.573696256 -0.579316795 0.366757482 0.727929235 -0.738835394 0.191513583 -0.646099746 -0.523789465 0.14144972 -0.840021729 -0.136993974 0.961704671 0.237395898 -0.143896684 0.967994153 0.205623716 0.901130557 0.0258713756 -0.432775199 0.862141848 0.024485847 -0.506074965 0.909156501 0.025580639 -0.415668309 -0.144705042 0.971092105 0.189843506 -0.669014335 0.532718003 0.518296659 -0.603392422 -0.502809346 -0.618951023 -0.804469109 0.226028472 0.549309134 0.237721175 0.439892471 -0.866015732 0.418262184 0.431956947 -0.799043179 0.558638871 0.368495822 -0.743056834 -0.183692142 0.97495681 0.125364944 -0.166091904 0.977638006 0.128985941 0.823961437 0.00123807252 -0.566644549 -0.528200388 0.326732785 -0.783741057 -0.633296728 0.323790818 -0.702918768 0.861378789 0.425718188 -0.277111232 -0.522934794 -0.315437555 -0.791857541 -0.494398117 -0.641420484 -0.586643219 -0.449672252 -0.509595156 -0.733558178 -0.00126094767 -0.0431551673 -0.999067605 0.000549922232 -0.043856848 -0.999037683 0.00163455238 -0.430493236 -0.902592301 0 -0.437349021 -0.899291873 0.0972700268 0.0685903132 0.992891669 0.0538703948 0.0563782826 0.996955097 0.25652051 -0.812656939 0.523245573 0.311674416 -0.917262793 -0.247967914 0.0943377092 -0.966337502 -0.239357859 0.325032592 -0.913021564 -0.246465817 -0.972026587 -0.177590802 0.153706953 -0.90358299 -0.312258989 -0.293312252 -0.737249076 -0.419838279 -0.529338896 -0.849587977 -0.470186472 -0.239008382 -0.597193301 -0.700590253 -0.390555263 0.00613045366 0.00109179493 -0.999980628 -0.010528571 0.00375686819 -0.999937534 -0.00188280607 0.0182320122 -0.999832034 -0.177159473 -0.0299111865 -0.983727515 -0.105139405 0.0255531687 -0.994129121 -0.295773536 0.110185213 -0.948882103 -0.798435986 0.556165218 -0.230608448 -0.891697168 0.450724661 -0.041514799 -0.927493572 0.362414807 0.0917126313 -0.704425097 0.612753749 -0.358215213 0.657370925 -0.721468091 -0.217594415 0.654599726 -0.719924212 -0.230669394 -0.177027062 -0.984109521 0.0137802418 -0.134255752 0.979105651 0.152733356 -0.000651447277 0.993453979 -0.114230998 -0.093752265 0.993083417 0.0706808418 0.0108654723 0.0747470707 -0.997143328 -0.0407653265 0.215041056 -0.975753844 0.838882029 -0.509183049 -0.192378595 0.864563525 -0.351637214 -0.359000176 0.83976078 -0.542934179 -0.00492872251 0.916004479 -0.319152296 -0.24305883 0.797438323 -0.594017565 0.105996385 0.408836871 -0.0957946926 -0.907565892 0.373024046 -0.122618832 -0.919683456 0.304756105 -0.264865279 -0.914860725 0.925960124 -0.233470246 -0.296798766 0.960534632 -0.152896419 -0.232370093 0.0681675076 0.96642524 -0.247740611 0.472893327 0.877770126 -0.0767560825 0.544415534 0.838133812 -0.0338154808 0.783237159 -0.619842052 -0.0483252779 0.77502507 -0.63159436 -0.0206081513 0.785562932 -0.61783129 -0.0342834257 0.855516374 -0.26154983 -0.446859509 0.33532986 0.00635478273 -0.942079365 0.780499101 -0.00137635251 -0.625155389 0.724009275 0.000907549984 -0.689789653 0.781192839 -0.00140585925 -0.624288201 0.504258513 -0.86193043 -0.0529079214 0.642999351 -0.765368342 0.0276258755 0.654966414 -0.742576182 -0.139998451 -0.00191952719 0.00349760498 -0.999992013 0.862473905 0.424684644 0.275284737 0.420831889 0.868126214 0.263168097 0.505188406 0.700232983 0.504438758 -0.988559008 0.0500721261 0.1422811 -0.990022898 0.03985212 0.135153472 0.00586116314 -0.926941097 0.375161052 0.0819579735 -0.98945868 -0.119392045 -0.0563951135 -0.921077967 0.385272563 0.178431109 0.879052699 -0.442073137 -0.0707945377 -0.906219721 0.41683805 0.116723046 0.928969562 -0.351270884 -0.191717654 -0.981202006 -0.0220674332 0.0478885397 -0.974470317 -0.219349653 -0.0751948431 -0.989896059 -0.120214283 0.0638198256 -0.426713169 -0.902132392 0.0417486988 -0.458182186 -0.887877345 -0.0615673177 -0.349992305 -0.934727132 0.361785382 -0.323168367 -0.874456167 -0.828074217 0.520303845 0.208751053 0.0397793502 -0.476255625 -0.878406584 0.131342128 -0.417520702 -0.89912498 0.037417762 0.42394051 0.904916763 0.0491261296 0.436410874 0.898405313 0.199992925 0.363659263 -0.909810305 0.554378271 0.122264504 -0.823235154 0.163096011 0.288051397 -0.9436239 -0.356933028 0.372972727 0.856440425 -0.570772827 0.300603956 0.764104426 -0.552136004 0.265113086 0.790481389 -0.0843059197 -0.774942875 0.626383305 -0.0335083753 0.955559373 -0.292888105 0.870908499 -0.270440996 -0.410341412 0.862869859 -0.272352964 -0.42576924 0.963752329 -0.195820004 -0.181206882 0.960444272 -0.197203442 -0.196615249 -0.00288282521 0.971963465 -0.235114142 -0.341053158 -0.933532536 0.110452332 -0.146555737 0.936345279 -0.31902805 0.334234595 -0.273117304 -0.902049959 -0.214523897 -0.240737438 -0.946585953 0.785860419 -0.492962152 0.373378783 0.621947527 -0.369790465 -0.690243602 -0.530673862 0.378575981 0.758330703 -0.326161414 0.452000618 0.830249488 -0.500428975 0.398824841 0.768446207 0.670272529 0.020010462 -0.741845191 0.0487333685 0.920779407 -0.387027532 -0.472040266 0.369502127 0.800403774 -0.198515996 0.402454227 0.893656552 -0.404208809 0.356579036 0.842298388 0.625121951 0.0994800553 -0.774161637 0.297442049 0.202237055 -0.933074713 0.590990126 0.393039614 -0.704450548 0.203943953 -0.543839812 0.81403017 0.045953963 -0.797995865 0.600908399 0.0394715965 -0.841875732 0.538226008 -0.985628426 -0.115801558 -0.122990146 0.392923206 -0.273618817 -0.87792033 0.425068915 -0.386977524 -0.818269372 0.349655598 -0.48570919 -0.801141381 0.73890692 -0.314111501 -0.596112847 0.783881187 -0.262600183 -0.562646806 -0.310611039 -0.504039645 0.805893779 -0.306694418 -0.464524776 0.83075583 -0.367799878 -0.560816824 0.741759896 -0.245785564 0.415305138 0.87584877 -0.127177954 -0.575783074 0.807650685 0.807283103 0.24745509 0.535779774 0.93294704 0.160308093 0.322352558 0.909373045 0.157105073 0.3851735 0.83942169 0.236124888 0.489506155 0.208595678 -0.272408307 0.939298451 0.235185131 -0.779302359 0.580840588 0.353778988 -0.819037735 0.451683074 0.282981515 -0.830920517 0.479053855 0.401834309 -0.764854014 0.503515184 0.518462598 0.352689326 0.77897799 -0.0687511116 0.937886953 -0.340060711 -0.0172840878 0.894656241 -0.446420729 -0.0388256982 0.912034392 -0.40827179 0.0404712036 -0.769803822 -0.63699621 0.102613352 -0.603770137 -0.79052645 0.627257347 0.390907854 0.673601687 0.343751162 0.695745528 0.63069278 0.419477701 0.606847584 0.675110698 0.740116477 0.299307257 0.602198243 -0.309913605 0.390386879 -0.866920769 0.0678332299 -0.991496503 0.1110553 0.0376971029 -0.989736497 0.137842774 0.119433418 -0.986230731 0.114388131 -0.993569672 -0.023253208 -0.110809043 0.534888864 -0.548558176 -0.642633557 0.517622709 -0.709589303 -0.478068799 0.0816543698 -0.932773471 0.351092845 0.0742654428 -0.899771273 0.429995745 0.0668856576 -0.889490664 0.452031672 0.0629642382 -0.93713814 0.343231201 0.437306643 -0.882591963 0.172610193 0.580005705 -0.351884842 -0.734690666 0.310605496 -0.414792925 -0.855260789 0.556492329 -0.372342259 -0.742749989 0.966168404 0.000217235633 0.257911861 0.979162872 0.0224403329 0.201832756 0.920020163 0.117658637 0.373790532 0.286488175 -0.659618556 0.694858134 0.452189445 -0.580929637 0.676790535 0.38017866 -0.618484676 0.687707007 0.526099503 -0.53628099 0.660016656 0.0234072674 0.949653089 -0.312427759 0.303562164 0.801590979 -0.51507467 0.376780987 0.799597442 -0.467632413 0.662258685 -0.288473248 -0.691517591 0.251386404 -0.889999032 0.38040325 -0.600464702 0.799323559 -0.0228907857 -0.506818235 0.82755506 -0.241428867 -0.626045167 0.77769953 0.0570159592 -0.756086528 0.282183319 0.59051317 -0.753069162 0.29446736 0.588367045 -0.971628428 0.113980271 0.207235903 0.338168114 -0.443439931 -0.83006227 0.111230917 -0.932093322 0.344716847 -0.958750427 0.113165349 0.260751218 0.415004075 -0.352238268 -0.838868201 0.984176099 -0.122505173 -0.128023043 0.275123835 0.382854521 0.881889641 0.509200156 0.353908539 0.784515083 0.295329332 0.389216065 0.872520149 0.861380279 -0.254884154 -0.439383805 0.974099338 -0.125202551 -0.1882945 0.891227305 -0.202783465 -0.405700356 0.391359866 -0.240404308 -0.888281047 -0.397662669 -0.590031326 0.702657461 0.733797669 -0.264691591 -0.625683069 0.813627064 -0.141622171 -0.563874245 0.218881384 0.170117229 -0.960807502 -0.964676499 -0.233380422 -0.122199804 -0.997445405 0.0320938006 -0.0638173372 0.997713566 0.00344124157 -0.0674965605 0.954001009 0.0903667137 0.285860032 0.983460426 -0.0949904472 -0.15421544 -0.00317481835 0.892159522 -0.45170927 0.139430135 0.911370993 -0.387249529 0.0604649447 -0.805755675 0.589153469 0.107090399 -0.796154737 0.595541179 -0.0144836763 0.899700284 -0.436267763 0.33544901 -0.824984431 0.4548347 0.308866888 -0.949476242 0.0556422696 0.439489543 -0.862143815 0.252105147 0.167386964 -0.94685334 0.274682283 -0.0696502328 0.657781899 0.749981225 0.108738087 -0.994070292 -0.000552379061 0.0662012249 -0.997520089 -0.0238979626 0.0752234086 -0.996941268 -0.0212018378 0.907934487 0.182091162 0.377488792 -0.00402627699 -0.999247193 0.0385849215 -0.732020319 -0.384332269 -0.56252557 -0.85101819 -0.111800186 -0.513097227 -0.783999741 -0.287389457 -0.550228715 -0.00430733617 -0.999554336 0.0295387935 0.330199033 -0.108768277 0.93762362 0.280059993 -0.735966682 0.616376102 0.0855837464 0.0554372668 0.994787455 0.565948129 -0.480910599 0.669647455 0.0969969556 -0.915626228 0.390154153 0.133352533 -0.904073179 0.4060404 0.956154346 -0.208143771 0.20602195 0.95134908 -0.2134974 0.222157016 0.956689298 -0.205034018 0.206655905 0.00901353732 -0.999956131 0.00255643739 0.0245705079 -0.998204172 0.0546321012 0.0287037659 -0.997239351 0.0684816167 0.934571624 -0.347836405 -0.0747376233 0.714862525 0.0162327792 -0.699076533 -0.0489900261 -0.15015921 -0.987447321 0.231900737 -0.887601852 0.3979761 -0.471231967 0.826645195 -0.307568163 0.173278421 -0.913985729 0.366885036 -0.873156965 -0.0208841842 -0.486991584 0.861730874 -0.186738342 -0.471750617 0.732824624 -0.0667969212 0.677130878 0.101214483 -0.990299582 0.0951964036 0.0579646565 -0.992956698 0.103330165 0.172796264 -0.984723032 0.0214932952 0.0598891824 0.936249375 0.346194088 -0.0393628068 0.974407196 0.221316993 -0.463149399 -0.59188056 0.659674227 0.999616802 -0.0233235881 -0.0149079589 0.998809278 -0.0479241125 -0.00912533607 0.999490857 -0.0295399353 -0.0120565975 0.998657227 -0.00662707677 0.051379092 0.998480737 -0.0497174636 0.0237572622 0.999982655 -0.00568322884 0.00156373996 0.998604298 -0.0491377339 -0.0193649009 0.987848878 0.116902396 -0.102412827 0.967101932 -0.220366284 -0.127092808 0.99940455 0.0238861367 0.0249008909 0.998503387 0.0545764342 -0.0035147944 0.998847008 -0.00899694115 -0.0471565239 0.993378222 0.0753434151 0.0867359862 0.99724406 0.0632224306 0.0388230905 0.998441219 -0.0552424602 0.00796236563 0.997378945 -0.0014520064 0.0723407194 -0.358632416 0.868859649 -0.341270655 -0.421883941 -0.871406674 0.250328451 -0.148231387 -0.948513508 0.279909939 -0.827795982 -0.56068927 0.0195280295 -0.231477261 -0.968992651 0.0864378437 -0.135743394 -0.989561975 0.0483823419 -0.217537075 -0.965263724 0.144718781 -0.348802269 -0.126825303 -0.928575397 -0.370746791 -0.220646575 -0.902142942 -0.272486895 -0.203354955 -0.940424204 -0.238702193 -0.537656426 0.808669806 -0.177218407 -0.309578866 0.93421334 0.324683458 0.0306556225 -0.945325792 -0.609144866 -0.00446387101 -0.793046415 -0.78666693 -0.00209858012 -0.617374063 -0.448534489 0.0273351725 -0.893347383 -0.143260673 0.0648483038 0.987558126 -0.359912395 0.0217845645 0.932731748 -0.278147608 0.0658293962 0.958279908 0.770541608 -0.399826586 0.496391267 -0.693794549 -0.313537389 0.648338974 -0.525569797 0.414291263 -0.743060648 -0.388912648 0.310794592 -0.867267907 -0.340799898 0.315594643 -0.88558197 -0.606157184 0.760389924 0.233196676 -0.329776496 0.145153582 0.932833254 -0.883017719 -0.456174284 -0.110384434 -0.984542549 -0.136222318 -0.110088378 -0.887174129 -0.420458347 -0.190096825 -0.993741095 -0.0927465633 -0.0622634217 -0.457068682 -0.753374696 -0.472773463 -0.137697875 -0.0199455898 0.990273416 -0.0984639227 -0.983867288 0.149365202 -0.158922121 -0.856678247 0.490760833 -0.130581334 -0.723218143 0.678162277 -0.959011853 -0.0338821746 -0.281333059 -0.961951792 -0.00620934833 -0.273148686 -0.100894995 -0.985263646 0.138115093 0.918808341 -0.274505317 0.283615947 0.914005995 -0.258732885 0.312490523 0.877945602 -0.353469968 0.322909504 -0.287607908 -0.949642539 0.124341279 -0.150012344 -0.889633298 0.43133387 0.0195276085 0.936019599 0.35140565 -0.235509902 -0.693939626 -0.680428445 0.277765989 -0.649196029 -0.708089352 0.0889207497 -0.727581382 -0.680234134 -0.336962938 -0.914215624 -0.225090653 -0.554649353 -0.449563265 -0.70018357 0.997459352 0.023061676 -0.0674017072 0.998034358 0.0591896214 0.0205906797 0.995231032 0.0757917091 0.0614065118 0.359523833 0.761873782 -0.53878653 0.264518499 0.860206664 -0.435975224 0.204844773 0.880860865 -0.426758498 0.957556903 -0.010173534 0.288064718 0.949899495 -0.145199418 0.276781589 0.168365628 -0.0806042925 0.982423544 0.147120133 0.132706285 0.980175853 0.777127683 0.455806196 -0.433950722 0.29501006 -0.942729175 0.155662328 0.287534297 -0.943036973 0.167347938 0.276505291 -0.943160176 0.18437399 0.306819022 -0.941862345 0.136957586 -0.901614785 0.356229335 0.245339528 -0.571568131 -0.15078254 -0.806581974 -0.206426039 -0.242703214 -0.947883666 0.166786775 -0.721077681 -0.672479868 0.382971406 -0.116604723 0.916371226 0.481544852 0.308835208 0.820204496 0.578170061 0.00596500607 0.815894485 -0.261026025 -0.0214151591 -0.965094209 0.126166001 0.945388734 -0.300536573 0.354075462 0.399241209 0.845716894 -0.0757700801 -0.768164456 0.635753334 0.129050657 -0.696593165 -0.705764771 0.129773036 -0.948233783 -0.289847672 0.132631287 -0.903707445 -0.407089353 0.125803962 -0.635574877 -0.761720419 0.411298931 0.775547743 -0.478914231 0.240551591 0.107545264 -0.964660048 -0.387456894 -0.0420971252 -0.920926154 -0.0332885683 -0.240993157 -0.969955742 0.644789517 0.199986279 -0.737734377 0.0941403583 0.940037072 0.327822924 0.0655915365 0.954939842 0.289461017 0.36564067 0.0713518336 0.928017139 0.508397579 -0.113760911 -0.853575051 0.503982306 -0.759282649 -0.411693692 0.217520207 -0.872940302 -0.436646521 0.149611697 -0.261767298 0.953464329 0.0426840186 0.16195932 0.985873878 -0.266064674 -0.358480513 -0.89481914 -0.272632897 -0.322454542 -0.906473577 0.0620893873 -0.993708551 0.0932108089 0.218170494 -0.821320713 0.52709955 0.954393625 -0.0848553032 -0.286238372 -0.174381256 -0.954464972 0.242049068 -0.182553813 -0.964166462 0.192502439 -0.221929312 0.440261304 -0.870009959 0.234414712 0.671768606 0.702692449 -0.550935507 -0.00620323699 -0.834524751 0.609778643 0.160897106 0.77606833 0.742231369 -0.179141134 -0.645756245 0.629148841 -0.0865240023 -0.772454143 0.807514369 -0.351886511 -0.473388284 0.30231005 -0.13650775 0.943384469 -0.763111115 0.337993294 -0.550837457 -0.711274385 -0.0502024479 -0.701119483 -0.708215177 0.216360614 -0.672026336 -0.610085666 -0.260865033 -0.748161018 0.503194451 -0.672164917 0.543129563 -0.857072592 -0.489299417 -0.161284208 -0.837352872 -0.523158014 -0.158574313 -0.806406975 -0.580124617 -0.114731096 -0.498536557 0.866647661 0.0195736028 -0.601730287 0.788969755 0.124287523 -0.684274495 0.685019016 0.25003475 -0.916262388 -0.383138686 0.116910234 -0.414560497 -0.23644866 -0.878767133 -0.398777485 -0.0836577341 -0.913223922 0.379333556 -0.523970544 0.762601435 0.112006776 -0.5531497 0.825517952 0.0321396776 0.758534133 0.650840223 0.498411208 0.510989785 0.700339735 -0.563903332 -0.791823983 0.234580085 -0.567791879 -0.787882209 0.238440692 -0.489881933 -0.856298864 0.163609236 -0.732595503 -0.533317864 0.422937214 -0.621067703 0.628997386 0.467586637 -0.601493478 0.628010571 0.493769467 -0.446459919 -0.65808636 -0.606296897 -0.393337339 -0.583801985 -0.710254192 -0.50578779 0.401612401 0.763469875 -0.557516694 0.135879993 0.818969965 -0.507073641 0.557020009 0.657727122 0.546832085 -0.347377449 0.761776626 0.868391275 -0.234943956 0.436689764 0.849853158 -0.272975981 0.450814545 0.511819959 -0.107921153 0.852287114 -0.523882389 -0.153246194 0.837891936 0.577134252 -0.779930651 -0.242124319 0.556623757 -0.81661123 -0.152696103 0.626672208 -0.713207364 -0.314033747 -0.80790484 -0.568940103 -0.153612837 -0.816515326 -0.563328505 -0.126347885 -0.804525793 -0.586396575 -0.0942197517 0.404599518 -0.907475293 -0.113083124 0.542010963 -0.825815082 -0.155735582 0.419691116 -0.907655001 -0.00466595357 0.801546872 0.554327309 0.224151328 0.745092571 0.657186925 0.113764994 0.756348848 0.632788062 0.165878713 -0.0877707824 -0.000490375911 0.996140599 -0.119671166 -0.00229932787 0.992810905 -0.026544068 0.0300147384 0.999196947 0.716423154 0.69701308 0.0301762726 -0.466209441 0.882659495 -0.0596740693 -0.450933576 0.885359764 -0.113123663 -0.466535151 0.875510752 -0.125801086 0.638900995 0.714150727 -0.285997003 0.246644154 0.657806754 -0.711657882 0.521235228 0.760442853 -0.387350589 0.0151847089 0.634014428 -0.773172081 0.720012069 0.467829585 -0.512560368 0.436535925 0.141178459 0.888540983 0.840738118 0.47525236 0.25941208 0.663455844 -0.203460112 -0.720021009 0.906084418 0.255188555 0.337475687 0.274948925 0.00910275429 0.961415768 0.544295788 0.00903159752 0.838844717 0.47037065 0.0284795761 0.882009268 0.547273874 -0.299072891 0.78169477 0.887265623 -0.00256211078 -0.461251736 0.801082611 0.0277784634 -0.597908914 0.846704721 0.00844198093 -0.531996071 0.617352426 -0.756383836 0.216239363 0.72342658 0.0321988314 -0.689650059 0.739443898 0.0253277738 -0.672741532 0.675013065 -0.584134459 0.450715363 0.724025369 -0.28153038 0.629704654 0.912106276 0.00620425493 -0.409906864 -0.93771857 -0.285972029 0.197240606 0.63220644 0.0265475828 -0.77434504 0.918018401 -0.290164173 0.270272076 0.878107667 0.0564071462 0.475126475 0.236501127 0.766841471 -0.596675217 -0.991774619 0.0526870675 -0.116649888 -0.986235857 -0.15415132 -0.059801098 -0.982354581 -0.152843222 -0.107789017 -0.833194792 0.444886059 -0.328424841 -0.79694587 0.59987992 -0.0708619356 -0.824003458 0.358063489 -0.439100087 -0.750811636 0.657580614 0.0622063987 -0.201242715 0.152671769 -0.967570543 0.649283528 0.742850363 0.163108096 -0.139300182 -0.988367915 -0.0610272139 -0.26611346 -0.944806993 0.191110954 -0.227993473 -0.967165172 0.1122967 -0.0680263862 -0.979088187 -0.191725597 0.993123949 0.109961621 0.0401650555 0.991002917 0.0991844162 0.0898645744 0.993223786 0.111640193 0.0322944224 0.988279939 0.0921118855 0.121729977 0.945873976 0.264458627 0.188106388 0.948399782 0.307317495 0.0780625418 0.932348967 0.355828643 -0.0641197339 0.921267509 0.371427864 -0.115358107 0.088332817 0.915521681 -0.392450452 0.0523629151 0.885082304 -0.462479681 0.109187119 0.930374563 -0.349973291 0.0214100033 0.854161024 -0.519567668 0.629550397 0.634989738 -0.447721213 0.724257708 0.645831048 -0.241563782 0.697237551 0.645876467 -0.310971767 -0.998267293 0.0491085909 -0.0324151851 0.74345541 0.667864978 -0.0350780711 0.737299919 0.675208032 -0.0219762307 0.678087175 0.734320641 0.0311609879 0.126505226 0.0400005281 -0.991159141 0.143511146 0.0325401761 -0.989113569 0.186930731 0.0106817847 -0.982315004 0.629740059 0.634616733 -0.447983384 0.920625985 0.183742315 -0.344509155 0.970127702 0.11347498 -0.214419305 0.999146402 -0.0410538763 -0.00458580675 0.203970984 -0.00957188569 -0.978930116 -0.208371833 0.518433392 0.829341888 0.0369505547 0.411186427 -0.910802066 0.389130712 0.383945137 -0.837355018 0.40548408 0.389851362 -0.826800168 -0.998706877 0.0240186621 -0.0448071994 -0.997606158 0.0309633669 -0.0618326813 -0.999922752 0.00916245859 -0.00840204302 -0.0261416566 0.382219017 -0.923701942 0.0118646221 0.41638431 -0.909111261 0.126183212 -0.950663507 -0.283402056 -0.105510354 -0.431160122 0.896085083 -0.123838879 -0.397530049 0.909194052 0.0231910087 0.825521588 0.563893855 0.0575107075 0.489946544 0.869853377 -0.0126420166 0.968360364 0.249235705 -0.103656143 -0.994602144 0.00469418662 -0.0295333993 -0.0171923507 -0.999415934 -0.00503391679 -0.00438598031 -0.999977708 -0.0489561073 -0.0439165719 -0.99783498 0.0373160169 -0.444342762 0.895079374 -0.99091953 0.0305059217 -0.130949706 -0.99555254 0.0155090876 -0.0929223374 -0.979522169 0.0168924239 -0.200626493 -0.996664643 -0.0141726267 -0.0803659633 -0.0491495878 0.835033178 -0.547999978 -0.00882564392 0.990834713 -0.134791359 0.124893755 0.528438568 -0.839734614 0.682687879 -0.51086241 0.522452712 0.495494574 -0.630670965 0.597276509 0.501651406 -0.733461678 0.458671838 -0.0458669029 0.996859908 0.0645485148 0.0156144351 0.999025702 0.0412773862 0.0126875089 0.999201834 0.037877921 0.0912031904 0.995581388 0.0223537702 -0.0140161365 0.564481735 0.825326562 -0.360542595 0.121519975 0.924792886 -0.882679105 -0.0773244947 -0.463571489 -0.327877223 0.540864706 0.774572074 -0.327767432 0.545623362 0.77127409 -0.405531853 0.586964071 0.700726092 0.754347861 0.309558928 -0.578906298 0.151194349 0.830526173 0.536065817 0.74177587 -0.216036856 0.634898901 0.928543389 -0.104756132 0.35613662 0.854504049 -0.204356194 0.477557749 0.781083524 -0.620732486 -0.0678209886 0.769265532 -0.633146167 -0.0857702568 -0.26993379 -0.682373703 -0.679339349 -0.292405903 -0.676251888 -0.676152468 -0.240042984 -0.704887211 -0.667467833 0.236644685 0.716402471 0.656328321 0.418724954 0.70794785 0.568752348 0.209334254 0.835675716 0.507764995 -0.495813608 -0.424627602 0.757535636 -0.314838678 -0.430280447 0.8460114 -0.569740891 -0.345662415 0.745595574 0.724882483 0.30987078 -0.61524421 0.71600306 -0.118650183 0.68794018 -0.304349542 -0.359442204 0.882140934 -0.193789899 -0.980985165 -0.0106599173 -0.097404398 0.355050117 -0.929759026 0.694558024 0.71943152 0.00272773136 0.0151045611 0.999823391 -0.0111798905 0.867355824 -0.196780562 -0.4571338 0.193046361 0.926563621 0.322820246 -0.202868134 0.441464126 -0.874044597 -0.430992931 0.404073268 -0.806827068 -0.503394961 0.353853732 -0.788277268 0.953114152 0.145057693 -0.265577942 0.809481263 0.280362487 -0.515884578 0.871999502 0.215268567 -0.439631969 0.167182773 0.941860914 0.291458249 0.0120709604 0.955441773 0.294932634 0.0566043556 0.987648249 -0.146105915 -0.0111811189 0.999710619 -0.0212982632 0.894060791 0.262110502 -0.363253862 0.1618388 -0.982583046 -0.0913170129 0.119993851 -0.948655367 -0.292667836 0.140721306 -0.923386753 -0.357147604 0.663517594 0.094292067 0.742194951 -0.0278643742 0.95431453 0.297501922 0.0208750498 0.970338225 0.240848541 0.0151236132 0.927823007 0.372714072 0.0418126509 0.921739519 0.385548979 0.961709261 0.194475144 0.193118528 0.950372934 0.223339379 0.216589153 0.955212355 0.21499522 0.203338072 0.962768316 0.187870488 0.194375396 -0.0258602761 0.210712865 0.977205873 -0.0227400307 0.186434746 0.982204139 -0.0189299788 0.156781331 0.987451911 -0.403699666 0.589564502 0.699600041 -0.490982443 0.619653761 0.612344205 -0.074476786 0.99397254 0.0804477409 -0.0597116165 0.997499585 0.0378036797 -0.0766622499 0.986946106 0.141634181 0.0899604782 0.99574858 0.0197969265 -0.796749651 0.269449949 -0.540912867 -0.941657305 0.137913659 -0.307020098 -0.709656179 0.386861682 -0.588834524 0.230032682 0.610741079 0.757680833 0.647930861 0.214707792 0.730811954 -0.766758621 -0.270953804 0.581949532 -0.834552765 0.00934016146 -0.550848842 -0.958292186 0.0282310974 -0.284392416 0.818548501 0.196529701 -0.53977257 0.803909838 0.143555075 -0.577166259 0.980623186 -0.096921511 0.170248076 -0.0108566992 -0.907058179 -0.420865297 -0.211934909 -0.804660439 -0.554621696 0.14716509 -0.875145614 -0.460936695 -0.235347345 -0.749779701 -0.618418992 0.0967256129 0.729795694 0.67678833 0.0480223112 0.826505959 0.560875893 -0.0262772664 0.764310002 0.644313395 0.643697977 0.349441558 -0.680840313 -0.00861034356 -0.795615256 -0.605741024 -0.0272486228 -0.699146509 -0.714459062 -0.0479541868 -0.905697227 -0.42120415 -0.242542461 -0.967479467 -0.0718094707 -0.309778303 -0.891549885 -0.330418259 0.544537663 0.27180773 -0.793472946 0.105931431 0.934134305 0.340839684 0.0856572613 0.928297639 0.361837476 0.0843917057 0.953447342 0.289510369 0.982611895 -0.0273853932 0.183640748 0.988979399 0.0455277674 -0.140879214 0.936162233 -0.0513548888 0.347797215 0.266122341 -0.391528487 0.880842984 0.577645183 -0.308500618 0.755746901 0.474204719 -0.37442103 0.796830416 0.477740765 -0.286737829 0.830388546 0.978904665 0.10087055 -0.177681789 0.890167356 0.1603297 -0.426493168 0.0825286433 0.501651466 -0.861124158 0.637414277 0.728838384 0.249995232 0.52090472 0.771983743 0.364279211 0.580055714 0.753533304 0.30939129 0.906045318 -0.108790621 0.40895775 0.678090215 0.706298232 0.203313828 0.310784578 0.749518633 0.584495306 0.357405156 0.726495087 0.586912632 0.0891580433 0.87564671 0.474651098 0.191335246 -0.562685013 0.804224133 0.96105361 -0.230495065 -0.152472854 0.934040129 0.199683666 0.296134144 0.999469638 0.0324953943 0.00213067862 0.965983212 0.0973828733 -0.239568442 0.992454708 -0.014875669 -0.121706024 0.0276991539 0.999478281 0.0166125465 -0.967042506 -0.0885673687 0.238714576 -0.789879501 -0.267807782 0.551696837 -0.970950425 -0.0954092741 0.219436496 -0.98830235 0.0623666942 -0.139172152 0.296902388 0.870117962 0.393374741 0.398497969 0.849103272 0.346731901 0.238107741 0.889958858 0.388944685 0.6957286 0.708725572 0.116918124 0.345972419 0.192601427 -0.918263435 -0.341193676 -0.886683047 -0.312057674 0.799042583 -0.122028418 0.588761449 -0.368464738 -0.868866384 -0.330612928 0.151770636 0.885810137 0.438527107 0.233370587 0.895687401 0.37852639 0.235900611 0.895765364 0.376769632 0.223841369 -0.816777587 -0.531760693 0.961164892 0.00944118295 -0.275813222 -0.00933351275 0.999688148 -0.0231615659 -0.312596679 0.943543255 0.109587736 -0.0126282396 0.998688281 -0.0496211611 0.999981165 0.0056637791 0.00235809339 0.97971493 -0.0148785003 0.199843034 0.00124734675 -0.81505698 -0.579379439 -0.00500497688 -0.966866136 -0.255234748 -0.00119110919 -0.782556653 -0.622578263 0.991386175 0.0209816974 0.129279658 0.999172986 -0.0127649521 -0.0386052951 0.998867273 -0.0189978443 0.0436265878 0.973824322 -0.18032226 -0.138383612 0.909213126 -0.402901858 0.104888171 0.999034822 0.0438842289 0.00189324829 0.914802074 0.270130813 0.300277352 0.867517889 0.0338711999 -0.496251404 0.0100446632 -0.0854736418 -0.99628979 0.999733925 -0.00849806331 0.0214447901 0.993429005 0.0809842572 0.0808723196 0.999459624 0.0291116089 -0.0152626829 0.989978552 -0.132519588 0.0487954393 -0.680798769 0.0741725191 -0.728705287 -0.448913187 0.499530405 -0.740909159 -0.783406913 0.555829406 -0.278077722 -0.827209234 0.532143652 -0.180410683 -0.616074204 0.702678204 -0.35594368 0.183084786 -0.853002369 -0.488740176 -0.0698703453 -0.170388564 0.982896686 0.174318641 0.978333354 0.111700065 0.926375031 -0.169171527 0.336467385 0.912867308 -0.129760027 0.387086004 -0.495218933 0.228147447 -0.838276207 -0.235781223 0.329001606 0.914420664 -0.0675394684 -0.732681215 0.677212417 -0.685266256 0.427497983 0.589623272 -0.291524738 0.923716724 0.248517066 -0.15010564 0.923733652 0.352398127 -0.739300668 -0.518728614 0.429365993 0.115447968 -0.33315742 0.935776651 -0.244618937 -0.194759771 0.94985801 -0.829876482 0.523405492 -0.193265766 -0.874541998 0.483976394 -0.0307106972 -0.380528003 0.223053649 -0.897466183 -0.271773577 0.185175344 -0.944377661 -0.592437029 -0.528590977 -0.607955575 0.93699187 0.0925487503 -0.336869299 0.915511131 0.0133483373 -0.402071148 0.948497355 0.253937215 -0.189390227 0.860378504 -0.113284506 -0.496905833 -0.352309704 0.916166782 0.191092551 -0.71047765 -0.38858816 0.5867033 -0.701108932 -0.299157292 0.647264361 -0.711974263 -0.456208289 0.533822715 0.287039608 -0.329565823 0.899441302 -0.0831828564 0.706378937 -0.702929139 -0.127301201 0.99142772 0.0294184126 -0.126446694 0.98213464 0.139365658 -0.146610558 0.971628368 0.185590148 -0.132867545 0.988383174 0.0737893358 -0.15274559 0.987640202 -0.0351518057 0.914390922 0.281378388 0.291059226 0.890196204 0.322454929 0.321828485 0.931371093 0.206475422 0.299859613 0.341028214 0.842273116 -0.417463541 -0.707531989 -0.526938021 0.470887244 0.114449009 0.474527657 -0.872768521 0.0845346302 0.509881079 -0.856081307 0.087500453 0.506441832 -0.857823014 -0.269270211 0.929120421 0.253433943 0.39618364 -0.40014407 0.826391697 -0.188884914 0.889001369 -0.417131931 -0.259390831 0.849150121 -0.460065663 -0.125525355 0.94473356 -0.302856207 0.281656653 0.21605216 0.934874833 0.426382273 0.501546264 0.752761245 0.101703651 0.467542917 0.878100216 0.856266141 -0.378356189 0.351646006 0.861155927 -0.417759687 0.289633006 0.815200686 -0.533939719 0.224401847 -0.124561012 0.961602867 0.244549617 -0.354952782 0.906103969 0.230182856 -0.141896635 0.98666054 0.0797889382 0.54348278 -0.375753909 -0.750623405 0.541629612 -0.377474874 -0.751099229 0.498307914 -0.41611582 -0.760616124 0.60088557 -0.319362104 -0.73276484 0.0577399433 0.540305018 -0.839485884 0.12506327 -0.884348691 -0.449762791 0.139166117 -0.924318552 -0.35534206 0.500511944 -0.276013017 0.820551395 0.943611562 0.171012864 0.283463925 -0.0828101709 0.756990671 0.64815712 -0.261637956 0.603156507 0.753490388 -0.0495575443 0.796613693 0.602453828 -0.56776917 0.486758351 -0.663855731 -0.516665518 0.342506796 -0.784694731 -0.473935485 0.637177527 -0.607774615 0.449679345 -0.57988441 0.679354489 0.298226416 -0.684313118 0.665414631 0.599333763 0.621366382 -0.504680872 0.339777887 0.586089492 -0.735561073 0.653895259 0.618310571 -0.43601948 0.247385293 0.965515614 -0.0811175928 0.0833756104 0.979002953 -0.186015382 0.220188275 0.969748616 -0.105379306 -0.298630118 0.927923203 0.223111004 -0.367313564 0.908525705 0.199152708 0.988127291 -0.0977873206 -0.118499346 -0.268580288 0.363322794 -0.892110527 -0.243828237 0.185977444 -0.95181942 0.25105238 0.70320636 0.665186822 -0.270266712 0.320041299 -0.908036053 0.918275714 0.151500046 -0.365810633 0.195045099 0.904514492 0.379224062 0.162328795 0.967261076 0.195077866 -0.00563650765 0.997598767 0.0690287128 -0.00270751002 0.996894121 0.0787071362 -0.00659494428 0.997807086 0.0658597425 -0.531010628 -0.337744206 0.777146399 0.617037773 -0.295663893 0.729278624 -0.489049911 -0.577200532 0.653964639 -0.420416266 -0.622458279 0.660148323 -0.58606869 -0.654786646 0.477260888 -0.586073875 -0.683445811 0.435223162 -0.427612811 0.663928509 -0.613470674 -0.443342894 0.664644241 -0.601410925 -0.450361997 0.87402451 0.182360053 0.201534748 -0.738892555 0.642978609 -0.459867388 0.867840886 0.188080236 -0.711441457 -0.647580683 0.272929102 -0.642523348 -0.747422338 0.168889076 -0.822064519 0.552111149 -0.139223501 -0.845301449 0.519023001 -0.126809329 -0.840053737 0.522866189 -0.14463976 -0.804048419 0.583259523 -0.11538852 -0.89585799 -0.164593369 0.412731767 -0.529254079 -0.846301854 0.0605254062 -0.726220012 0.520926178 -0.448598266 -0.794611752 0.596766174 -0.111634672 -0.796645164 0.598082244 -0.0874877349 -0.877059877 0.476072907 0.0641913041 -0.583572567 0.319599181 -0.74652487 -0.548326552 0.47746107 -0.686563075 -0.285964429 -0.123559244 -0.950240731 -0.62689817 -0.387577415 -0.675856769 -0.485739559 -0.417687893 -0.767850161 0.733093262 0.0792669207 0.675493121 -0.859345138 -0.360385627 -0.36283344 -0.566612184 0.160024151 -0.808296323 -0.765684843 0.468778014 -0.44042474 0.486279309 0.870678484 0.0738335997 0.322304785 0.939845085 0.11318516 -0.0823796391 -0.994021475 0.0716579705 0.6117751 0.379605144 0.693996549 0.597805381 0.546234548 -0.586733818 0.60397476 0.181642771 -0.776028633 0.612647593 0.304868907 -0.729189932 0.797178924 -0.561964512 0.220684648 0.745905757 -0.657514751 0.106296383 0.625907063 0.608783901 -0.487465441 0.594994962 0.736580491 -0.321605712 0.612741351 0.68631947 -0.391808212 0.743855774 -0.656647086 0.124471456 0.597026527 0.790973842 -0.133864582 0.554531157 0.800563276 -0.227142349 -0.445865542 -0.894654989 -0.0282206275 0.678074479 -0.704515994 -0.20945701 -0.440565467 -0.895756304 -0.0593526177 0.615266621 -0.609284759 -0.500219047 0.619510829 -0.723119199 -0.305458546 -0.468339801 -0.879397213 -0.0855476186 0.503524899 -0.620495975 -0.601204991 -0.156005844 -0.179593235 -0.971292138 0.387121439 0.917714715 -0.0890884176 0.502363503 0.860806525 -0.0815049484 0.455112338 0.886248827 -0.0862306803 -0.0656327829 -0.508023143 -0.858839214 -0.0303952843 -0.18067953 -0.983072221 0.75291276 -0.511153162 -0.414541721 0.653007388 0.0521261096 -0.75555557 0.669741809 0.0509300046 -0.740845501 0.678109646 0.0503130741 -0.733236551 -0.127759442 -0.983096302 -0.131145686 0.827464759 0.539454997 -0.155853689 -0.585494161 -0.809401512 -0.0454508252 0.410399199 0.0585817248 -0.910022318 -0.795468569 -0.582545578 -0.16694431 -0.439491987 0.0197761599 -0.898028791 -0.407481641 0.0323695429 -0.912639558 -0.722555161 0.67132616 -0.165030897 -0.623326302 0.766763568 -0.153420866 -0.81186831 0.00257464219 -0.583834946 -0.00500172703 0.996030927 -0.0888668522 0.0177778918 0.993197083 -0.1150802 -0.86060828 -0.00107013667 0.509266376 -0.83429867 0.00064640108 0.551312327 -0.972206235 0.00184395653 0.234118789 -0.97236079 0.00774952024 0.233354792 0.0288200062 0.0175417699 -0.999430656 0.00192337856 0.00438121706 -0.999988556 0.0238444917 0.00843974948 -0.999680042 -0.765927196 -0.637499332 -0.0833670646 -0.0016045887 -0.000953300507 -0.999998271 0.00819145422 0.00171451317 -0.999964952 -0.00718064466 -0.00247183675 -0.999971151 -0.0167657528 -0.00508212391 -0.999846518 -0.0600106008 -0.0770008862 -0.995223403 -0.169475824 -0.0115147503 -0.985467076 -0.112790339 -0.107429169 -0.987794161 -0.181098476 0.0199698135 -0.983262181 -0.0813752636 0.110682614 -0.990518749 0.226172671 0.319149941 -0.920320153 -0.00255065388 0.0603231117 -0.998175621 -0.0243273713 0.0590561442 -0.997958183 0.00666198414 -0.00168879679 -0.999976397 0.020281978 0.0305666961 -0.999326944 -0.0104421228 -0.109632999 -0.993917286 0.0311508533 -0.0216750838 -0.999279678 0.0500603952 0.0434366763 -0.997801185 0.0555686019 0.0279611964 -0.998063266 0.210636348 0.00541092642 -0.977549493 0.0571683533 -0.00854112487 -0.99832803 0.916671813 0.197081223 0.347666174 -0.00156465091 0.787217855 -0.616672993 0.110694036 0.992325008 -0.055117771 0.0728204772 0.997306049 -0.00881860405 -0.999916494 -0.00417554518 -0.0122293569 -0.999831796 -0.017896032 0.00401549786 -0.999915719 -0.0118297711 0.0053509837 -0.999994218 -0.00121747621 -0.00317513756 -0.999966323 0.00720617454 -0.00392409228 -0.264367342 0.932638109 -0.245552599 0.685811162 -0.689665377 0.232432008 -0.213479191 -0.972812355 0.0897931159 -0.665496528 -0.27534619 -0.693757057 0.692490935 -0.661508918 -0.28785798 0.703217506 -0.618311048 -0.350965261 0.703890383 -0.671781003 -0.230756775 -0.807812393 -0.258468598 -0.529748201 0.142532006 0.989564598 0.0211317427 0.162130684 0.986764848 -0.00296255155 -0.0842247233 0.994183779 0.0671182573 -0.0970964357 0.994859219 0.0287641902 -6.11182913e-05 0.999928117 -0.0119922338 -0.102524303 0.994729042 -0.00169150403 0.0148911849 0.999791384 -0.0139814755 -0.995125175 -0.0765909925 0.0621262193 0.52730906 0.847921252 0.0545412526 -0.999223709 0.0021001515 -0.0393385999 0.106886931 -0.991527319 -0.073815912 -0.0177024715 -0.993272364 -0.114440374 0.000347062887 -0.997105479 -0.076029934 0.0919476375 -0.994392872 -0.0522343405 0.741105616 -0.308522612 -0.596302152 -0.112519145 -0.993332565 0.0250973217 -0.0934428722 -0.995621204 -0.00262526749 0.00551960012 -0.970486879 -0.241090834 0.168610901 -0.985682011 -0.00117570173 -0.00923778769 -0.999842823 -0.0151341604 -0.0023170663 -0.999914229 -0.0128885405 -0.016020311 -0.999837279 -0.00829486828 -0.00592693966 -0.999919295 -0.0112379761 -0.847306669 -0.17350927 0.501962125 0.999999583 0.000448616454 -0.000821392925 0.999747634 -0.00654371828 -0.0214917678 0.997871399 0.0589769259 -0.0278285686 0.99974829 0.0212475453 -0.0072058267 0.999561906 -0.0288893655 -0.00643789163 0.999899745 -0.0118874907 -0.00769391423 0.999997079 0.00103772618 -0.00216921978 -0.0206459984 0.418290377 0.908078671 -0.325060755 -0.329608381 -0.886393726 -0.243083075 0.0136848744 -0.969908953 -0.175218031 0.00386642409 -0.984522045 -0.99992919 0.00419074297 0.0111394469 -0.999453425 0.0167171825 0.028519325 -0.999770045 0.020844236 0.00504205469 -0.99623698 0.073402524 0.0460863113 -0.99988699 0.006457821 -0.0135767087 -0.814824939 0.578623354 -0.0354301706 -0.481731296 -0.875704825 -0.0328027643 -0.529426157 -0.848351896 -0.0026598291 -0.759960592 0.643510759 -0.0913991481 -0.752111495 0.654478669 -0.0773687437 0.00173588877 0.843788803 0.536672592 0.000747918792 0.968097329 0.250573248 -0.00923944823 0.968654811 0.248238876 -0.00116985966 0.812497675 0.582963228 -0.999989808 0.0014189732 0.00429054769 -0.96923995 0.00321160583 -0.246096686 -0.133453935 -0.990815639 -0.0217819754 -0.149424136 -0.978566527 -0.141703993 0.789326072 -0.0160458349 -0.613764524 0.903164506 0.0456107259 -0.426864803 0.018511571 -0.99978286 -0.00956778228 0.0101660853 -0.967354536 0.253222883 -0.000690089189 -0.963796675 0.266637355 0.0365179367 -0.999269962 -0.0112222806 -0.436228216 -0.350612909 -0.828719199 0.956468403 0.138178766 -0.257050127 -0.998952329 0.036573343 -0.027506616 -0.999656141 0.0129145207 -0.0228201803 -0.80724901 -0.574202716 -0.13652955 -0.720442474 0.14989686 -0.67712158 0.749546468 0.00292868936 -0.661945283 -0.987071633 -0.120592296 -0.105579585 0.726449132 0.556981206 -0.402546406 0.716335714 0.617877841 -0.324176133 0.63081789 -0.341562867 -0.696709156 -0.264632791 0.0471631624 -0.963195264 0.536914527 0.840657115 0.0708406493 -0.97367245 0.2034747 -0.102761663 0.0247522593 0.0106295338 -0.999637127 0.0246418323 0.0104266368 -0.999641955 0.00362923834 -0.00247682398 -0.999990344 0.00314792991 -0.00299505098 -0.999990582 0.0129467444 -0.19144547 -0.981417835 -0.00161607377 -0.641771436 -0.766894221 -0.00134063163 -0.634641469 -0.772805572 -0.0136474641 0.832171142 0.554350853 0.0145209273 -0.132627502 -0.991059601 0.721940815 0.00098715839 -0.691954076 0.425730467 -0.00973476376 -0.904797673 0.0421628281 -0.0532837249 -0.99768889 0.0452542678 -0.038291011 -0.998241365 0.00140205876 -0.0696696416 -0.997569144 0.0341066606 -0.0435650498 -0.99846822 0.00278757163 -0.0431500971 -0.999064684 0.00331810792 -0.0631211475 -0.998000383 0.00117421162 0.999697864 -0.02455125 0.00943193398 0.993175805 -0.116244934 -0.0150618535 0.999789059 -0.0139630027 -0.0433086902 0.998971701 -0.013412145 -0.0367965885 0.904992402 -0.423833489 -0.748627126 -0.0304570459 -0.662291288 0.104167387 0.436677277 0.893567085 0.999374092 -0.0172510743 0.0308842566 0.999350369 -0.0342574753 -0.0111929923 0.999603271 -0.0234120134 0.0156583525 0.998947144 -0.0392921269 -0.0236788988 -0.638317108 0.696303487 -0.328196287 0.955268979 -0.209499195 0.208737329 -0.0509026386 0.991171002 0.122429483 -0.0639477 0.982116878 0.177079394 -0.00809235778 -0.980046749 0.198602289 -0.00566283008 -0.983253777 0.182153478 -0.167880714 -0.985711575 0.0137400059 0.0039940346 -0.999890804 -0.0142285349 0.867473543 -0.47410965 -0.150697321 -0.996446371 0.0457109809 -0.0707466155 -0.992255747 -0.0661088377 0.105157681 -0.999774098 -0.0207957253 0.00438980944 0.999542534 -0.0281720683 -0.0110024801 0.995450854 -0.0857454762 0.0415371582 0.999098539 -0.0424495153 0.000315080659 0.985927999 -0.13705413 0.0957190767 0.99964726 -0.024999436 -0.00896252971 0.454953969 0.876613796 -0.156732708 0.968057215 -0.181000262 0.17350556 0.00759287085 0.00678333035 -0.999948144 0.0167940874 0.0175289884 -0.999705315 0.00955309626 0.0152261704 -0.999838412 0.00212702737 0.00511042401 -0.999984682 0.0032248178 0.0127441604 -0.999913573 -0.00771066314 -0.00225848262 -0.999967694 -0.55547452 0.687762797 -0.467365324 -0.777252495 0.60329628 -0.178639799 0.993345261 0.00327288662 -0.115128003 0.563562632 -0.822820127 -0.0732406452 -0.378736466 -0.160898536 -0.911411166 0.778824389 0.625800788 -0.0424967408 -0.467767835 -0.169443727 0.867457271 -0.193646669 0.467813432 0.862352371 -0.415557086 -0.735887945 -0.534585118 0.00467138086 -0.397936851 0.917400897 0.00991595164 -0.343353152 0.939154029 0.00533470325 -0.391119003 0.920324683 -0.0589731447 0.000735330221 0.998259306 0.00822614413 -0.00036748228 0.999966085 -0.00198406517 0.00574128376 0.999981523 0.0155763943 0.0103020221 0.999825597 0.12422055 0.014242135 0.992152393 0.147232696 -0.00130246743 0.989101052 0.0316673927 -0.0334418193 0.998938859 0.0369643755 -0.0368538275 0.998636782 0.247548938 0.0261245426 0.968523145 -0.00314765377 -0.00521844579 0.999981403 -0.00271922234 -0.00422605453 0.999987364 -0.0855825171 -0.00061553932 0.996330917 -0.0239444524 -0.0300226565 0.999262393 -0.0071092858 -0.0346871726 0.999372959 -0.0103110904 0.035373956 0.999320924 -0.119187757 0.00137498532 0.992870808 -0.104530841 -0.993368864 -0.0478702933 -0.0622411296 -0.998054206 0.00372691778 0.290536702 0.0597254299 0.954998076 -0.0103139067 -0.0781708434 -0.996886611 -0.00467044441 -0.00394494552 -0.999981284 0.00665579457 0.00435803505 -0.99996835 0.000695319613 0.00320804468 -0.999994636 0.0073686582 -0.000880373176 -0.999972463 0.0831758305 -0.00405474985 -0.996526659 -0.0127891162 0.0118216788 -0.999848306 -0.190054685 0.0246577952 -0.98146379 -0.018873902 -0.00270986301 -0.999818206 -0.00274319551 -0.00382238603 -0.999988914 0.0240509789 -0.0316618271 -0.999209225 0.624107003 -0.766558945 -0.151254207 -0.907953143 0.417283624 0.0386713371 -0.00742724445 0.095110558 -0.995438993 -0.00261566462 0.201654285 -0.979453266 -0.00393902929 0.172651634 -0.9849751 -0.00750469742 0.0933706015 -0.995603144 0.736661732 -0.648074329 0.193207622 0.246612802 0.726148069 -0.64178741 -0.00413811067 -0.0356568769 -0.999355495 -0.0121837258 -0.0141597232 -0.999825537 -0.0385016501 0.0295575503 -0.998821318 0.0154798832 0.00450700242 -0.999870002 -0.894042075 0.431360871 -0.1208992 -0.872651935 0.482498199 -0.075326927 -0.692221463 -0.536497712 -0.482700348 -0.703825235 0.672150493 -0.22987783 0.767547309 0.637018025 -0.0712683126 0.762116492 0.642378747 -0.0807961002 -0.00692364853 0.000137995172 -0.999976039 0.00771031342 0.00408614939 -0.999961913 0.00235825614 0.00264225039 -0.999993742 0.0168302488 0.00654641958 -0.999836922 0.720868707 -0.673499882 -0.163542703 -0.00192376424 -0.0043818038 -0.999988556 -0.0288209952 -0.0175426267 -0.999430656 0.00503461622 0.00438700709 -0.999977708 0.0295348354 0.0171939097 -0.999415874 -0.02384587 -0.0084414687 -0.999679983 0.0489600375 0.0439215489 -0.997834563 -0.868843138 -0.471859306 -0.149867788 0.00472205132 0.0372717753 -0.999293983 0.0124203404 0.0148169193 -0.99981308 0.0382188149 -0.0295808017 -0.998831451 -0.0152544249 -0.00442405744 -0.999873877 0.603565335 0.00511570042 0.79729712 -0.395093173 -0.295844853 -0.869699478 0.972435653 -0.00249672262 0.233158112 0.971070766 -0.00842917059 0.238643125 0.854642153 0.000535722647 0.519217193 0.835445702 -0.000681551988 0.549572527 0.461406022 0.811983168 -0.357474148 0.0130424108 -0.310069501 0.950624406 0.224048749 0.591554999 0.77450943 -0.613826334 -0.0854784474 0.784799755 0.000261224894 0.98636204 0.164589867 -0.999918222 0.000515869528 0.0127764372 -0.044969324 -0.841455519 -0.538451791 -0.99949789 0.0215038005 0.023272289 0.160533339 0.286009222 0.944683969 -0.835798621 0.536370635 -0.117248289 -0.00111995346 0.902010977 0.431711704 0.424087167 -0.8620947 0.277385712 0.997591734 0.0618183911 0.0314513668 0.99335146 0.096331194 0.0630329847 -0.0113538876 0.107154526 0.99417752 -0.126274645 -0.0619383641 0.990059793 0.0938362107 -0.0652741566 0.993445516 0.00115394697 -0.807658732 0.589649022 -0.0015888752 -0.83806771 0.545563936 -0.0184773859 0.153258249 0.988013387 -0.0367455222 -0.620527327 0.783323407 -0.0260184593 0.205659613 0.978277624 -0.134140953 0.0946507901 0.986431658 -0.170202136 0.0113061443 0.985344291 0.99992764 -0.00468596723 0.0110812373 0.999499679 -0.0217225552 0.022990413 0.999797702 -0.0189625286 0.00671061827 0.991799653 -0.118403308 0.0481051393 0.810242653 -0.0988456085 -0.577699244 -0.0323602296 0.909264505 0.414958864 0.556564033 -0.68890214 -0.464381605 -0.514155149 0.579940319 -0.631912708 0.265478194 0.565260708 -0.781026065 -0.04923274 0.544873536 0.837071657 -0.14816387 0.114763588 0.982281446 0.0572457165 0.00171453878 0.998358667 0.10947299 -0.016979022 0.993844748 0.0543083139 0.00650362251 0.998503029 -0.00188445486 0.996677697 0.0814251751 -0.0371350534 0.405340254 0.913411319 -0.999614 -0.0180124827 0.0211519133 -0.999984562 0.00134148239 0.00539748045 -0.997222185 0.0723527968 -0.0176920686 -0.707472086 -0.644033849 -0.29103896 -0.692398608 0.661799908 -0.287410975 -0.703220546 0.61831367 -0.350954413 0.0243828706 -0.912775993 0.407732069 -0.001558661 -0.905885458 0.42351985 -0.00296693528 -0.909216046 0.416314006 -0.00676202681 -0.902302504 0.43105042 -0.138997898 -0.896523833 0.420624018 -0.106145777 -0.0021028989 -0.994348347 0.999965429 -0.00781148765 -0.00284678279 0.99985677 -0.015106488 0.00763205998 0.99796468 -0.0103708934 -0.0629201606 0.996042848 0.00606962759 0.0886666775 0.689314723 0.0494664349 -0.722771287</float_array>
          <technique_common>
            <accessor source="#normals_array" count="1751" stride="3">
              <param name="X" type="float" />
              <param name="Y" type="float" />
              <param name="Z" type="float" />
            </accessor>
          </technique_common>
        </source>
        <vertices id="vertices">
          <input semantic="POSITION" source="#positions" />
        </vertices>
        <triangles material="scout_1a1a1a" count="1560">
          <input semantic="VERTEX" source="#vertices" offset="0" />
          <input semantic="NORMAL" source="#normals" offset="1" />
          <p>0 0 1 1 2 2 3 3 4 4 5 5 6 6 7 7 2 8 6 9 2 2 1 1 8 10 9 11 10 12 11 13 12 14 13 15 14 16 15 17 16 18 17 19 2 2 18 20 17 19 0 0 2 2 19 21 18 22 2 23 7 24 19 21 2 23 14 16 16 18 20 25 21 26 22 26 23 26 23 27 24 28 25 29 25 30 24 30 26 30 22 31 24 28 23 27 17 19 18 20 27 32 28 33 17 19 27 32 29 34 30 35 31 36 29 34 32 37 30 35 33 38 32 39 29 40 26 41 21 41 25 41 34 42 21 42 26 42 29 43 20 44 33 45 27 46 35 47 28 48 36 49 35 47 27 46 32 50 36 50 30 50 32 51 35 47 36 52 34 53 26 54 37 55 38 56 34 53 37 55 9 57 39 58 40 59 38 56 37 55 41 60 41 61 37 62 42 63 43 64 44 65 45 66 46 67 47 68 48 69 49 70 50 71 51 72 49 70 52 73 50 71 53 74 52 73 49 70 53 75 49 75 51 75 54 76 55 77 56 78 57 79 58 80 59 81 60 82 61 83 53 74 62 84 61 83 60 82 63 85 64 86 65 87 66 88 67 89 68 90 69 91 70 92 71 93 72 94 70 95 69 96 73 97 72 94 69 96 73 98 69 99 74 100 75 101 76 102 77 103 78 104 79 105 58 80 77 106 76 102 80 107 81 108 82 109 77 110 72 111 75 112 82 109 72 94 82 113 70 95 83 114 84 115 79 116 83 114 85 117 84 115 86 118 87 119 75 112 86 118 75 112 72 111 73 97 86 120 72 94 88 121 73 97 89 122 88 121 86 120 73 97 74 100 89 123 73 98 75 101 90 124 76 102 78 104 83 125 79 105 57 79 78 104 58 80 87 126 91 127 75 101 92 128 93 129 83 114 83 114 93 129 85 117 93 130 94 131 85 132 94 131 95 133 85 132 88 121 87 134 86 120 96 135 91 136 87 137 95 138 78 139 97 140 94 141 78 139 95 138 94 141 98 142 78 139 99 143 98 142 94 141 100 144 101 145 68 146 66 147 102 148 103 149 103 150 104 151 105 152 106 153 80 154 107 155 82 156 71 157 70 158 82 156 81 159 71 157 108 160 109 160 107 160 79 116 84 115 58 161 81 108 80 154 106 153 84 115 110 162 58 161 111 163 74 164 112 165 113 166 114 167 115 168 57 79 59 81 116 169 97 170 117 171 110 172 117 173 57 174 116 175 116 169 59 81 118 176 88 177 96 135 87 178 92 128 119 179 93 129 120 180 96 135 88 177 121 181 119 179 92 128 121 181 122 182 119 179 123 183 96 135 120 180 97 184 78 185 57 174 117 173 97 184 57 174 95 133 97 170 85 132 98 186 121 187 92 188 119 189 94 131 93 130 99 190 94 131 119 189 124 191 121 191 98 191 124 192 98 142 99 143 125 193 126 194 127 195 128 196 96 135 123 183 96 135 128 196 91 136 129 197 130 198 131 199 132 200 106 153 107 155 109 201 133 201 107 201 132 200 107 155 133 202 108 203 133 203 109 203 110 162 134 204 59 205 108 206 135 207 133 208 59 205 134 204 136 209 106 210 131 211 130 212 58 161 110 162 59 205 131 211 106 210 132 213 132 214 129 215 131 216 116 217 135 207 108 206 118 176 135 218 116 169 117 171 134 219 110 172 137 220 138 221 112 222 138 223 111 163 112 165 117 171 139 224 134 219 138 225 123 226 111 227 123 226 120 228 111 227 123 229 138 221 137 220 137 230 140 231 123 183 141 232 140 231 137 230 139 233 117 233 116 233 142 234 139 235 116 217 122 236 99 190 119 189 121 181 124 237 122 182 99 190 122 236 143 238 143 239 124 192 99 143 124 237 143 240 122 182 144 241 128 196 140 231 128 196 123 183 140 231 145 242 146 243 147 244 148 245 101 246 105 247 149 248 150 249 148 250 148 245 151 251 101 246 152 252 145 242 147 244 153 253 146 254 145 255 149 248 154 256 150 249 151 257 155 258 101 259 154 260 149 261 156 262 157 263 145 242 152 252 157 264 153 253 145 255 158 265 157 263 152 252 159 266 146 254 160 267 161 268 147 244 146 243 153 253 162 269 146 254 162 270 163 270 160 270 164 271 151 251 148 245 165 272 148 250 150 249 165 272 164 273 148 250 166 274 167 274 168 274 169 275 154 260 155 276 170 277 169 278 155 279 171 280 152 252 172 281 173 282 155 258 174 283 175 284 176 285 177 286 178 287 158 265 171 280 179 288 180 289 181 290 182 291 183 292 184 293 185 294 186 295 187 296 100 144 67 297 188 298 189 299 190 299 191 299 192 300 67 89 66 88 193 301 194 302 22 303 194 302 193 301 195 304 22 303 194 302 24 305 195 304 196 306 194 302 196 307 197 307 194 307 198 308 196 309 195 310 199 311 200 312 180 313 179 288 201 314 180 289 202 315 203 316 184 317 183 318 202 319 184 320 183 318 204 321 202 319 182 291 205 322 183 292 198 323 197 323 196 323 198 324 206 325 197 326 63 327 207 328 203 329 63 327 203 329 208 330 207 331 63 332 209 333 205 334 210 335 204 336 205 334 211 337 210 335 212 338 213 339 214 340 206 341 215 342 216 343 217 344 63 345 208 346 217 344 218 347 63 345 210 348 211 349 217 350 211 349 218 347 217 350 218 347 219 351 220 352 219 353 221 354 220 355 207 356 179 357 184 317 215 342 222 358 216 343 223 359 224 360 225 361 226 362 224 360 223 363 226 364 223 364 225 364 105 152 100 365 103 150 192 366 66 147 227 367 228 368 229 369 230 370 116 217 108 206 231 371 232 372 230 370 229 369 233 373 234 373 235 373 236 374 237 375 238 376 104 151 149 248 148 250 239 377 240 378 241 379 242 380 241 381 243 382 244 383 241 384 245 385 246 386 247 387 248 388 249 389 250 390 251 391 249 392 245 392 252 392 249 393 253 394 245 395 253 394 244 396 245 395 254 397 255 398 11 399 256 400 257 401 258 402 259 403 260 404 257 401 259 403 261 405 260 404 262 406 263 407 264 408 265 409 266 410 257 411 267 412 268 413 269 414 270 415 271 416 272 417 265 418 271 419 270 420 273 421 269 422 274 423 272 424 275 425 261 426 268 427 262 406 264 408 268 428 276 428 262 428 276 429 277 430 262 406 278 431 270 432 256 433 279 434 268 413 280 435 270 420 266 436 265 418 266 436 278 437 281 438 266 436 270 420 278 437 279 439 282 439 268 439 267 412 280 435 268 413 267 412 283 440 280 435 284 441 285 442 280 443 286 444 283 445 267 446 286 444 284 441 283 445 286 447 267 448 287 449 288 450 279 451 280 443 285 442 288 450 280 443 288 452 282 453 279 454 285 455 289 456 288 457 286 458 290 459 284 460 261 405 291 461 260 404 292 462 260 463 291 464 273 421 274 423 237 465 237 466 293 467 273 468 294 469 256 470 258 471 262 406 295 472 263 407 296 473 294 469 258 471 297 474 294 475 296 476 298 477 299 478 258 479 299 480 296 473 258 471 266 410 258 479 257 411 292 481 271 419 265 418 292 482 272 417 271 416 269 414 273 468 287 483 292 482 275 484 272 417 300 485 287 483 273 468 293 467 300 485 273 468 237 466 300 485 293 467 295 472 301 486 263 407 268 487 282 488 302 489 302 489 276 490 268 487 303 491 281 438 278 437 281 492 298 493 266 494 303 491 278 437 297 495 298 493 281 492 303 491 290 496 286 447 287 449 304 497 305 498 295 499 277 500 306 500 295 500 277 501 302 489 306 502 306 503 304 503 295 503 288 452 289 504 282 453 289 504 307 505 302 506 308 507 296 508 114 509 296 510 299 510 114 510 291 511 261 511 309 511 275 512 309 513 261 514 309 515 292 462 291 464 310 516 309 513 275 512 311 517 312 518 237 466 263 519 313 520 296 508 263 521 301 521 313 521 313 522 297 474 296 476 237 466 314 523 300 485 237 466 312 518 314 523 315 524 300 524 314 524 316 525 300 526 315 527 310 528 275 484 292 482 317 529 299 478 298 477 310 530 292 530 309 530 318 531 315 532 314 533 305 498 301 534 295 499 305 535 319 536 301 537 299 478 317 529 114 538 317 539 298 493 303 491 316 540 315 541 318 542 304 543 319 536 305 535 306 544 319 545 304 546 317 539 297 495 320 547 321 548 306 549 302 550 317 539 303 491 297 495 307 551 321 548 302 550 322 552 321 553 307 554 321 555 322 556 306 557 306 557 322 556 323 558 253 559 249 560 324 561 253 559 240 562 325 563 170 564 325 563 240 562 326 565 325 563 170 564 327 566 170 567 239 377 328 568 157 263 158 265 329 569 328 568 158 265 157 264 328 570 330 571 253 394 331 572 244 396 253 394 332 573 331 572 331 574 332 575 239 576 326 577 332 573 253 394 328 568 329 569 333 578 327 579 169 278 170 277 173 282 170 564 155 258 334 580 170 564 173 282 178 287 329 569 158 265 335 581 336 582 337 583 326 577 334 584 338 585 332 575 338 586 165 272 247 587 330 571 333 588 247 589 339 589 340 589 341 590 342 591 343 592 37 593 344 594 345 595 37 593 345 595 42 596 344 597 41 61 345 598 38 599 41 599 344 599 346 600 38 601 344 602 257 411 260 463 265 409 48 603 47 603 347 603 348 604 48 605 347 606 347 607 47 607 46 607 349 608 350 609 351 610 352 611 353 612 348 613 353 614 48 615 348 616 353 614 354 617 48 615 355 618 346 600 344 602 355 618 344 602 356 619 357 620 347 620 46 620 353 621 185 622 354 623 358 624 185 625 353 612 359 626 355 618 356 619 360 627 355 618 359 626 361 628 362 629 357 630 362 631 363 632 357 633 364 634 362 629 361 628 187 635 362 629 364 634 185 622 365 636 354 623 185 294 358 637 366 638 367 639 368 640 369 641 370 642 360 627 359 626 187 643 363 632 362 631 371 644 39 645 372 646 373 647 374 648 375 649 369 650 186 650 366 650 376 651 377 652 378 653 324 561 251 654 379 655 380 656 130 198 129 197 380 656 129 197 381 657 382 658 132 200 133 202 383 659 136 209 134 204 382 658 133 202 384 660 383 659 385 661 136 209 384 662 133 663 386 664 132 214 382 665 381 666 133 208 135 207 386 667 135 207 387 668 386 667 388 669 387 669 385 669 389 670 383 671 134 219 118 176 385 672 387 673 390 674 391 675 392 676 139 224 389 670 134 219 89 677 74 678 88 679 141 232 137 230 393 680 389 681 139 681 394 681 144 241 140 231 141 232 395 682 381 683 396 684 384 685 395 682 396 684 383 659 397 686 385 661 384 662 386 664 398 687 397 686 399 688 385 661 386 667 400 689 398 690 401 691 384 691 398 691 387 668 401 692 400 689 387 668 400 689 386 667 388 693 385 694 399 695 400 689 401 692 398 696 402 697 399 688 397 686 403 698 404 699 405 700 190 701 406 702 191 703 405 704 404 705 407 706 408 707 394 707 388 707 388 708 401 692 387 668 389 670 397 709 383 671 389 670 408 710 397 709 408 710 402 711 397 709 409 712 402 711 408 710 408 713 388 714 410 715 403 698 393 716 404 699 403 717 141 232 393 680 407 718 403 719 405 720 411 721 403 719 407 718 412 722 141 232 403 717 413 723 403 724 411 725 412 726 403 724 413 723 411 721 407 718 414 727 415 728 416 729 417 730 408 710 389 670 394 731 418 732 419 732 415 732 420 733 418 734 415 735 420 733 415 735 417 736 415 737 419 737 416 737 419 738 418 739 420 740 144 241 141 232 412 722 254 397 421 741 255 398 401 692 422 742 384 743 422 744 395 745 384 746 423 747 395 745 422 744 424 748 425 748 426 748 423 749 424 750 426 751 427 752 425 753 424 754 77 110 82 109 75 112 428 755 429 756 430 757 429 756 407 758 430 757 402 697 431 759 399 688 402 697 432 760 433 761 401 692 434 762 422 742 431 759 402 697 433 761 427 763 423 747 422 744 433 764 435 765 431 766 410 767 431 768 435 769 434 762 436 770 422 742 427 763 422 744 436 771 437 772 410 767 435 769 423 749 427 773 424 750 427 752 438 774 425 753 428 775 414 727 429 776 439 777 414 727 428 775 438 774 428 778 430 779 439 780 428 778 438 774 414 727 407 718 429 776 388 708 440 781 401 692 399 695 410 767 388 693 409 782 408 713 410 715 440 781 441 783 401 692 441 783 442 784 434 762 391 675 443 785 392 676 348 604 350 786 444 787 445 788 446 789 432 790 446 791 447 792 432 760 413 723 411 725 414 793 448 794 413 723 414 793 417 730 416 729 449 795 417 730 449 795 446 791 448 794 414 793 439 796 450 797 451 798 452 799 314 523 312 518 453 800 445 801 409 802 437 803 454 804 420 733 417 736 419 738 420 740 454 805 419 806 455 807 416 808 419 738 454 805 455 809 456 810 144 241 412 722 456 811 412 726 413 723 456 811 413 723 448 794 167 812 457 812 458 812 459 813 167 813 458 813 458 814 11 13 255 815 12 14 11 13 458 814 457 816 12 817 458 818 460 819 219 820 211 821 166 822 168 822 461 822 434 762 442 784 436 823 442 824 462 824 436 824 432 760 447 792 433 761 463 825 427 763 436 771 447 826 435 765 433 764 463 825 438 827 427 763 446 791 449 795 447 792 463 825 439 796 438 827 416 808 455 807 449 828 448 794 439 796 463 825 441 783 462 829 442 784 445 801 437 803 455 809 455 809 454 805 445 801 464 830 456 830 448 830 465 831 456 832 464 833 306 544 323 834 466 835 409 782 410 715 437 836 467 837 468 838 469 839 470 840 471 841 472 842 472 842 471 841 467 837 471 841 473 843 467 837 35 47 474 844 475 845 470 840 476 846 471 841 477 847 476 846 470 840 478 848 476 846 477 847 478 848 479 849 476 846 480 850 479 849 481 851 481 851 479 849 478 848 480 850 482 852 479 849 160 853 163 853 483 853 161 268 146 243 159 854 484 855 161 268 159 854 162 856 483 856 163 856 485 857 164 271 486 858 164 271 174 859 151 251 174 859 164 271 485 857 153 253 487 860 488 861 153 253 488 861 489 862 490 863 171 280 172 281 491 864 171 280 490 863 338 865 492 865 165 865 492 866 486 867 164 868 493 869 173 870 174 871 494 872 493 872 174 872 214 873 493 873 494 873 495 874 247 875 496 876 214 877 494 877 174 877 214 878 174 878 212 878 487 879 497 880 498 881 499 882 497 880 487 879 498 881 500 883 487 879 501 884 178 287 171 280 484 855 159 854 502 885 503 886 161 268 484 855 504 887 161 268 503 886 13 888 505 889 11 399 505 889 254 397 11 399 506 890 13 15 12 14 486 867 505 889 13 888 506 890 486 858 13 15 506 891 507 892 485 893 485 857 212 894 174 859 508 895 212 894 485 857 509 896 213 896 510 896 508 897 485 898 507 899 343 592 508 897 507 899 511 900 487 879 500 883 487 860 511 901 488 861 15 902 512 903 7 904 505 905 513 906 254 907 514 908 507 892 515 909 516 910 493 869 517 911 509 912 517 912 213 912 518 913 509 914 510 915 518 913 517 916 509 914 213 917 518 917 510 917 517 911 493 869 214 340 517 911 214 340 213 339 500 883 498 918 519 919 519 919 520 920 500 883 501 884 171 280 491 864 521 921 522 922 523 923 489 862 488 861 524 924 513 906 525 925 254 907 522 922 213 339 526 926 342 591 508 897 343 592 526 927 212 894 508 895 524 928 488 929 511 930 527 931 524 928 511 930 505 905 515 932 513 906 528 933 515 933 505 933 528 934 529 934 515 934 514 935 343 935 507 935 530 936 343 936 514 936 531 937 466 835 532 938 521 921 518 939 522 922 518 939 213 339 522 922 406 702 520 940 519 919 520 920 527 941 533 942 501 884 534 943 535 944 489 862 536 945 502 946 452 799 502 885 536 947 484 855 537 948 503 886 537 948 484 855 452 799 538 949 539 949 536 949 526 927 508 895 540 950 540 950 508 895 342 951 323 558 322 556 541 952 540 953 522 922 526 926 542 954 341 590 343 592 543 955 523 923 522 922 527 956 233 957 524 958 190 701 233 957 527 956 544 959 535 944 534 943 539 960 545 961 536 962 545 961 450 963 536 962 452 799 536 947 450 797 546 964 452 799 451 798 547 965 4 966 548 967 549 968 550 969 548 970 539 971 538 971 545 971 538 972 551 973 450 963 538 972 450 963 545 961 552 974 553 975 537 948 540 953 547 976 554 977 547 978 342 979 4 980 547 978 540 981 342 979 548 970 555 982 547 983 534 943 553 975 552 974 5 984 341 590 556 985 543 955 522 922 554 977 557 986 543 987 554 988 554 977 522 922 540 953 554 988 555 982 557 986 555 982 554 988 547 983 558 989 559 990 560 991 561 992 544 959 552 974 557 986 562 993 543 987 563 994 564 995 565 996 450 997 549 998 566 999 567 1000 450 797 566 1001 568 1002 450 797 567 1000 451 798 450 797 568 1002 3 3 565 996 4 4 563 994 565 996 3 3 555 1003 550 1004 563 1005 379 1006 251 1007 569 1008 564 995 566 1001 565 996 550 1004 564 1009 563 1005 549 968 570 1010 550 969 551 1011 571 1012 570 1010 570 1013 571 1014 567 1015 571 1014 572 1016 567 1015 573 1017 574 1017 575 1017 576 1018 544 959 561 992 555 1003 563 1005 3 1019 548 970 550 969 555 982 556 1020 3 3 5 5 557 1021 555 1003 3 1019 252 1022 245 1023 241 1024 561 992 552 974 577 1025 296 508 308 507 263 519 567 1026 572 1027 568 1028 578 1029 451 798 568 1002 572 1027 578 1030 568 1028 579 1031 578 1030 572 1027 580 1032 546 964 451 798 581 1033 546 964 580 1032 577 1025 546 964 581 1033 582 1034 579 1031 572 1027 396 1035 381 1035 382 1035 580 1032 451 798 578 1029 579 1031 583 1036 578 1030 584 1037 580 1032 578 1029 584 1037 581 1033 580 1032 585 1038 581 1033 584 1037 257 401 256 400 259 403 215 342 586 1039 222 358 587 1040 588 1041 589 1042 587 1043 590 1044 588 1045 591 1046 590 1044 587 1043 460 1047 591 1047 587 1047 586 1048 573 1048 575 1048 375 1049 589 1050 592 1051 375 1049 592 1051 593 1052 370 1053 573 1054 360 1055 574 1056 573 1054 370 1053 594 1057 595 1058 596 1059 595 1058 597 1060 596 1059 591 1061 594 1062 590 1063 591 1061 595 1064 594 1062 595 1065 598 1066 599 1067 600 1068 62 84 225 361 601 1069 127 1070 126 1071 566 999 549 998 548 967 595 1072 602 1073 597 1074 595 1065 599 1067 602 1075 603 1076 604 1077 605 1078 363 632 187 643 368 1079 606 1080 312 518 311 517 312 518 606 1080 453 800 536 945 489 862 538 972 607 1081 608 1082 609 1083 369 1084 368 1085 187 1086 466 1087 392 676 301 537 317 529 115 1088 114 538 317 539 320 547 607 1089 317 529 607 1081 115 1088 610 1090 318 531 453 1091 318 542 611 1092 316 540 318 542 610 1093 611 1092 323 834 541 1094 466 835 306 544 466 835 319 545 608 1095 607 1089 320 547 19 1096 27 1097 18 1098 320 1099 297 474 313 522 612 1100 613 1101 614 1102 612 1100 615 1103 613 1101 609 1104 616 1105 115 168 617 1106 618 1106 619 1106 620 1107 619 1108 558 989 620 1107 617 1109 619 1108 619 1110 618 1111 558 1112 618 1111 559 1113 558 1112 621 1114 606 1080 236 1115 609 1116 443 1116 616 1116 443 1117 609 1118 622 1119 608 1082 623 1120 609 1083 621 1114 453 800 606 1080 621 1114 624 1121 453 800 611 1122 624 1123 625 1124 367 639 366 1125 358 1126 618 1127 617 1128 620 1129 626 1130 621 1114 236 1131 624 1121 621 1114 626 1130 624 1121 626 1130 625 1132 466 1087 390 674 392 676 627 1133 392 1134 443 1135 608 1082 628 1136 623 1120 611 1122 610 1137 624 1123 624 1138 610 1090 453 1091 608 1095 320 547 627 1139 541 1094 532 938 466 835 466 1087 531 1140 390 674 238 376 629 1141 39 1142 531 1143 630 1143 390 1143 532 938 630 1144 531 937 631 1145 532 1146 541 952 631 1145 632 1147 532 1146 532 1148 633 1149 634 1150 634 1151 630 1144 532 938 322 552 633 1152 631 1153 631 1153 633 1152 632 1154 632 1155 633 1149 532 1148 635 1156 613 1157 45 66 636 1158 613 1157 635 1156 637 1159 638 1159 635 1159 612 1160 639 1161 638 1162 612 1160 638 1162 615 1163 635 1164 639 1165 636 1166 638 1167 639 1165 635 1164 552 974 544 959 534 943 638 1168 640 1169 615 1170 475 845 28 48 35 47 567 1000 566 1001 564 995 622 1119 623 1171 641 1172 603 1173 641 1174 623 1175 560 991 620 1107 558 989 618 1111 642 1176 559 1113 643 1177 642 1178 618 1179 236 1131 177 1180 626 1130 236 1181 175 284 177 286 622 1119 609 1118 623 1171 627 1133 443 1135 622 1182 628 1136 603 1076 623 1120 505 889 644 1183 645 1184 646 1185 647 1186 391 675 604 1077 648 1187 605 1078 648 1187 560 991 559 990 605 1078 648 1187 559 990 649 1188 560 1189 648 1190 643 1191 620 1129 560 1189 626 1130 176 1192 625 1132 650 1193 625 1132 176 1192 651 1194 650 1193 176 1192 176 1192 626 1130 177 1180 618 1127 620 1129 643 1191 630 1195 646 1185 391 675 628 1196 608 1197 652 1198 652 1199 608 1095 627 1139 604 1200 628 1196 652 1198 630 1195 653 1201 646 1185 336 1202 654 1203 653 1204 655 1205 656 1206 657 1207 651 1208 658 1209 650 1210 659 1211 658 1209 651 1208 660 1212 659 1213 656 1206 634 1151 653 1204 630 1144 336 582 335 581 661 1214 655 1215 335 1216 337 1217 335 1218 655 1205 657 1207 660 1219 655 1215 337 1217 658 1220 659 1221 660 1222 640 1223 638 1223 637 1223 662 1224 663 1224 44 1224 662 1225 640 1225 663 1225 664 1226 665 1227 661 1228 605 1229 641 1174 603 1173 559 1113 642 1176 605 1229 641 1230 652 1231 622 1182 666 1232 652 1231 641 1230 646 1185 661 1228 665 1227 649 1233 642 1178 643 1177 643 1191 560 1189 649 1188 656 1234 176 1235 664 1236 651 1237 176 1235 656 1234 653 1201 654 1238 646 1185 666 1239 604 1200 652 1198 661 1240 335 1218 657 1207 604 1200 666 1239 649 1241 661 1242 654 1203 336 1202 657 1243 664 1236 661 1244 604 1245 649 1188 648 1190 656 1234 664 1236 657 1243 659 1213 651 1246 656 1206 662 1247 252 1248 640 1249 667 1250 668 1251 481 851 371 1252 8 1253 10 1254 669 1255 668 1251 667 1250 670 1256 671 1257 669 1255 646 1185 654 1258 661 1228 672 1259 671 1257 670 1256 673 1260 671 1257 672 1261 672 1262 670 1256 673 1260 388 708 394 1263 440 781 674 1264 675 1265 673 1260 675 1265 676 1266 673 1260 677 1267 676 1266 675 1265 676 1266 671 1257 673 1260 674 1264 677 1267 675 1265 498 918 497 1268 678 1269 497 1270 499 1271 679 1272 357 1273 46 1273 361 1273 491 864 490 863 553 975 680 1274 173 870 493 869 173 1275 680 1275 681 1275 682 1276 562 1277 557 1021 153 253 499 1278 487 860 178 287 501 884 683 1279 492 866 644 1183 486 867 681 1280 684 1280 173 1280 173 282 684 1281 334 580 684 1282 685 1283 334 584 680 1284 684 1284 681 1284 686 1285 684 1286 680 1274 235 1287 679 1272 499 1271 340 1288 339 1288 495 1288 340 1289 687 1290 330 571 495 1291 339 1291 247 1291 498 918 678 1269 519 919 212 338 526 926 213 339 688 1292 516 1293 689 1294 688 1292 690 1295 516 1293 516 1296 521 1296 689 1296 688 1297 689 1298 521 1299 516 910 680 1274 493 869 690 1300 680 1274 516 910 519 919 678 1269 406 702 678 1269 191 1301 406 702 535 944 683 1279 501 884 645 1184 614 1102 505 889 644 1302 691 1303 645 1304 492 1305 692 1306 644 1302 691 1307 692 1308 530 1309 692 1306 691 1303 644 1302 334 584 685 1283 692 1306 685 1310 693 1310 692 1310 690 1311 688 1297 521 1299 692 1312 693 1313 530 1314 684 1282 686 1315 685 1283 694 1316 686 1285 690 1300 678 1269 189 1317 191 1301 235 1318 189 1317 679 1272 235 1318 234 1319 189 1317 645 1304 691 1303 612 1160 695 1320 696 1321 697 1322 698 1323 699 1324 700 1325 246 386 701 1326 496 1327 701 1326 702 1328 496 1327 614 1329 528 1330 505 1331 614 1329 529 1332 528 1330 693 1313 542 1333 530 1314 529 1334 614 1335 636 1158 523 923 703 1336 521 921 691 1307 529 1337 639 1165 703 1336 690 1300 521 921 694 1316 690 1300 703 1336 686 1315 694 1338 685 1283 697 1322 683 1279 535 944 691 1303 639 1161 612 1160 704 1339 705 1340 246 386 683 1279 697 1322 704 1339 705 1340 704 1339 697 1322 246 386 705 1340 701 1326 693 1341 706 1342 542 954 707 1343 706 1342 693 1341 708 1344 694 1316 703 1336 709 1345 694 1316 708 1344 190 1346 234 1347 233 1348 695 1320 697 1322 535 944 710 1349 421 1350 457 1351 685 1283 709 1352 707 1353 694 1338 709 1352 685 1283 218 347 220 352 64 1354 711 1355 712 1356 687 1290 705 1340 697 1322 713 1357 546 964 577 1025 552 974 702 1358 711 1355 687 1290 711 1359 714 1359 712 1359 701 1326 715 1360 711 1361 701 1326 711 1361 702 1328 347 1362 716 1363 351 1364 717 1365 543 987 562 993 717 1366 708 1344 703 1336 698 1367 708 1368 717 1365 698 1367 717 1365 562 993 698 1367 718 1369 708 1368 700 1370 718 1369 698 1367 707 1343 719 1371 706 1342 719 1371 720 1372 706 1342 680 1274 690 1300 686 1285 709 1352 718 1373 707 1353 718 1374 709 1345 708 1344 719 1375 707 1353 718 1373 721 1376 718 1369 722 1377 722 1377 718 1369 700 1370 713 1357 697 1322 696 1321 723 1378 719 1379 718 1380 723 1378 718 1380 721 1381 66 88 68 90 102 1382 722 1377 724 1383 721 1376 725 1384 726 1385 727 1386 728 1387 712 1387 714 1387 728 1388 725 1384 712 1389 729 1390 712 1391 725 1392 576 1018 561 992 730 1393 714 1394 711 1394 728 1394 711 1395 731 1396 728 1388 731 1396 725 1384 728 1388 715 1360 377 652 711 1361 377 652 732 1397 731 1398 733 1399 144 241 465 831 734 1400 576 1018 730 1393 699 1401 682 1402 720 1403 699 1324 698 1323 562 1277 682 1276 699 1324 562 1277 696 1321 695 1320 576 1018 735 1404 700 1325 699 1324 735 1404 722 1405 700 1325 719 1406 723 1407 735 1408 719 1406 735 1408 699 1401 376 651 378 653 734 1400 736 1409 722 1405 735 1404 727 1410 736 1411 723 1407 737 1412 724 1383 722 1377 736 1409 738 1413 722 1405 737 1412 725 1414 724 1383 739 1415 737 1416 738 1413 740 1417 725 1414 737 1412 740 1418 737 1416 739 1415 725 1392 740 1419 729 1390 713 1357 378 653 715 1360 710 1349 457 1351 167 1420 727 1410 726 1421 736 1411 731 1398 738 1422 726 1421 711 1361 377 652 731 1398 240 562 253 559 324 561 376 651 734 1400 730 1393 739 1423 582 1424 740 1419 378 653 696 1321 734 1400 738 1413 732 1425 739 1415 739 1426 732 1427 582 1428 377 652 376 651 732 1397 671 1257 480 850 669 1255 731 1398 732 1397 738 1422 741 1429 582 1429 742 1429 732 1397 376 651 742 1430 743 1431 1 1 0 0 252 1248 250 390 249 389 616 1432 391 675 647 1186 549 998 450 997 551 1433 556 1434 706 1342 720 1435 29 43 512 1436 744 1437 8 10 113 1438 9 11 745 1439 65 87 64 86 64 86 221 1440 745 1439 10 1441 9 1442 746 1443 746 1443 743 1444 10 1441 36 1445 27 1097 31 1446 27 1097 19 1096 31 1446 30 1447 36 1445 31 1446 744 1437 20 44 29 43 16 18 33 1448 20 25 744 1449 512 1450 14 1451 744 1449 14 1451 20 1452 248 388 333 578 329 569 22 303 21 1453 15 1454 21 1453 16 1455 15 1454 15 1454 200 1456 193 301 22 303 15 1454 193 301 200 1456 199 1457 198 324 199 1457 209 333 206 325 199 1457 206 325 198 324 193 301 200 1456 198 324 63 332 65 1458 215 1459 63 332 215 1459 206 325 209 333 63 332 206 325 65 1458 745 1460 215 1459 745 1460 589 1461 586 1462 589 1461 375 1463 374 1464 589 1461 374 1464 586 1462 215 1459 745 1460 586 1462 374 1464 601 1465 573 1466 374 1464 573 1466 586 1462 126 1467 368 1079 573 1466 601 1465 126 1467 573 1466 368 1079 360 1468 573 1466 506 891 515 909 507 892 529 1337 530 1309 515 909 132 214 381 666 129 215 3 1019 747 1469 557 1021 9 57 113 1470 39 58 748 1471 589 1472 745 1439 221 1440 748 1471 745 1439 301 537 319 536 466 1087 340 1289 330 571 247 587 749 1473 55 77 54 76 750 1474 55 77 749 1473 751 1475 750 1474 749 1473 751 1475 749 1473 8 1476 62 84 750 1474 61 83 8 1476 749 1473 113 1477 749 1473 54 76 113 1477 750 1474 8 1476 61 83 61 83 8 1476 52 73 53 74 61 83 52 73 50 71 52 73 8 1476 56 78 113 1477 54 76 55 77 750 1474 56 78 224 360 600 1068 225 361 218 347 64 1354 63 345 227 367 66 147 103 149 102 148 149 261 104 1478 76 102 90 124 231 371 100 1479 105 1479 101 1479 341 590 542 954 706 1342 752 1480 100 144 188 298 108 206 107 1481 76 102 107 1481 80 107 76 102 231 371 108 206 76 102 593 1482 596 1483 597 1484 593 1482 597 1484 375 649 102 148 104 1478 103 149 334 580 326 565 170 564 97 170 110 172 84 1485 111 227 120 228 74 678 120 228 88 679 74 678 324 561 249 560 251 654 175 1486 236 374 238 376 238 376 39 1142 665 1487 175 1486 238 376 665 1487 569 1488 237 375 274 1489 665 1487 39 1142 647 1490 113 166 569 1488 264 1491 569 1488 274 1489 264 1491 39 1142 113 166 115 168 647 1490 39 1142 616 1105 264 1491 308 1492 113 166 616 1105 39 1142 115 168 113 166 308 1492 114 167 161 268 172 281 147 244 125 193 597 1493 126 194 753 1494 227 367 103 149 330 571 328 570 333 588 348 604 444 787 352 1495 444 1496 349 1497 754 1498 352 1499 444 1496 754 1498 402 711 409 712 432 790 423 749 426 751 380 1500 381 683 395 682 423 749 423 749 380 1500 381 683 465 831 144 241 456 832 91 1501 128 196 733 1399 733 1399 8 1253 90 1502 91 1501 733 1399 90 1502 372 1503 465 831 462 1504 465 831 464 833 462 1504 8 1253 372 1503 394 1505 462 1504 440 1506 372 1503 90 1502 8 1253 142 1507 142 1507 8 1253 139 1508 372 1503 440 1506 394 1505 139 1508 8 1253 394 1505 144 241 733 1399 128 196 155 258 156 1509 101 259 702 1358 687 1290 496 876 154 260 156 262 155 276 155 258 151 257 174 283 500 883 533 942 511 900 320 1099 313 522 392 1134 172 281 152 252 147 244 372 1510 755 1511 756 1512 755 1511 757 1513 756 1512 469 839 372 1510 758 1514 372 1510 756 1512 758 1514 469 839 758 1514 759 1515 757 1513 758 1514 756 1512 467 837 469 839 759 1515 472 842 467 837 759 1515 759 1515 758 1514 757 1513 757 1513 755 1511 667 1250 39 1516 670 1256 667 1250 757 1513 667 1250 481 851 669 1255 667 1250 670 1256 759 1515 757 1513 481 851 759 1515 481 851 478 848 477 847 470 840 472 842 759 1515 478 848 477 847 759 1515 477 847 472 842 404 699 393 716 137 1517 614 1335 613 1157 636 1158 489 862 159 1518 162 269 233 1519 712 1356 729 1390 233 1519 740 1419 571 1520 729 1390 740 1419 233 1519 233 1519 571 1520 551 973 233 1519 551 973 524 924 551 973 538 972 524 924 628 1136 604 1077 603 1076 248 388 247 387 333 578 182 291 184 293 200 1456 182 1521 6 1522 743 1444 760 1523 182 1521 746 1443 6 1522 1 1524 743 1444 743 1444 746 1443 182 1521 612 1100 614 1102 645 1184 100 144 68 146 67 297 736 1411 726 1421 738 1422 713 1357 696 1321 378 653 232 372 229 369 761 1525 181 1526 180 313 200 312 207 356 209 1527 201 1528 179 357 207 356 201 1528 199 311 180 313 209 1529 180 313 201 1530 209 1529 738 1413 737 1416 722 1405 40 1531 762 1532 746 1533 9 1534 40 1531 746 1533 218 347 211 349 219 351 226 362 763 1535 224 360 228 368 761 1525 229 369 763 1535 226 362 764 1536 379 1537 241 379 324 1538 332 575 165 272 169 1539 327 1540 332 575 169 1539 570 1010 549 968 551 1011 569 1488 238 376 237 375 241 379 240 378 324 1538 0 0 17 19 357 1541 0 0 357 1541 765 1542 0 0 765 1542 743 1543 357 1541 766 1544 765 1542 396 1545 382 1545 384 1545 270 432 272 424 256 433 272 424 259 1546 256 433 264 408 274 1547 269 1548 264 408 269 1548 268 427 283 445 284 441 280 443 565 1549 566 999 548 967 504 887 490 863 172 281 691 1307 530 1309 529 1337 84 1485 85 132 97 170 264 408 263 407 308 1550 289 504 302 506 282 453 287 449 300 526 290 496 300 526 316 525 290 496 278 431 294 475 297 474 583 1036 579 1031 741 1551 157 264 330 571 153 253 748 1552 587 1040 589 1042 364 1553 365 1554 187 296 365 1554 185 294 187 296 747 1555 3 3 556 1020 235 1556 153 253 330 571 162 269 153 253 489 862 261 426 259 1546 272 424 753 1494 103 149 767 1557 292 462 265 409 260 463 748 1552 768 1558 587 1040 564 1009 570 1013 567 1015 15 1454 7 7 6 6 6 6 182 291 15 1454 200 1456 15 1454 182 291 365 1559 364 1560 354 1561 361 1562 46 67 48 69 354 1561 364 1560 361 1562 361 1562 48 69 354 1561 480 850 481 851 668 1251 276 490 302 489 277 501 366 638 186 295 185 294 205 1563 595 1564 460 1565 595 1566 591 1566 460 1566 211 1567 205 1563 460 1565 318 531 314 533 453 1091 735 1408 723 1407 736 1411 371 644 40 1568 39 645 340 1289 495 874 496 876 583 1036 741 1551 742 1569 355 1570 367 1571 358 624 368 1079 367 1571 360 1468 355 1570 358 624 346 1572 367 1571 355 1570 360 1468 358 624 353 612 346 1572 353 612 352 611 346 1572 352 611 754 1573 38 1574 352 611 38 1574 346 1572 38 1574 754 1573 32 39 32 39 33 38 38 1574 34 1575 33 38 21 1453 33 38 34 1575 38 1574 33 38 16 1455 21 1453 598 1576 595 1577 205 1578 598 1576 205 1578 746 1533 598 1576 746 1533 762 1532 205 1578 760 1579 746 1533 387 1580 135 1580 118 1580 142 1581 231 371 90 124 136 1582 385 672 118 176 527 956 406 702 190 701 625 1124 650 1210 658 1209 625 1124 658 1209 611 1122 741 1551 579 1031 582 1034 159 1518 489 862 502 946 457 1351 421 1350 525 925 454 804 417 736 446 789 90 124 75 101 91 127 523 923 543 955 717 1366 179 1583 181 1584 184 1585 181 1584 200 1586 184 1585 206 341 216 343 197 1587 457 816 525 1588 12 817 421 1350 710 1349 753 1589 421 1350 753 1589 767 1590 401 692 441 783 434 762 461 1591 168 1592 188 298 168 1592 752 1480 188 298 243 1593 241 379 379 1537 460 819 769 1594 219 820 421 1350 254 907 525 925 475 845 716 1595 28 48 78 104 98 186 83 125 98 186 92 188 83 125 720 1403 719 1406 699 1401 447 1596 449 1597 455 1598 447 1596 455 1598 435 769 455 1598 437 772 435 769 462 1599 464 1600 463 1601 464 1600 448 1602 463 1601 436 1603 462 1599 463 1601 166 1604 710 1349 167 1420 130 212 71 157 81 159 130 212 81 159 106 210 12 817 513 1605 515 909 204 1606 210 1607 217 1608 204 1606 217 1608 202 1609 202 1609 217 1608 208 1610 202 1609 208 1610 203 1611 760 1612 205 1612 182 1612 496 1327 247 387 246 386 102 1382 68 90 101 259 204 321 183 318 205 1613 616 1432 443 785 391 675 266 410 298 477 258 479 161 268 504 887 172 281 486 858 506 890 485 857 533 942 500 883 520 920 15 902 14 1614 512 903 244 383 331 574 239 576 146 254 162 269 160 267 521 921 516 910 517 911 553 975 490 863 504 887 12 817 525 1588 513 1605 12 817 515 909 506 891 527 941 511 1615 533 942 491 864 534 943 501 884 534 943 491 864 553 975 165 272 150 249 154 256 406 702 527 956 520 940 343 592 530 1616 542 954 762 1617 599 1067 598 1066 452 799 484 855 502 885 537 948 553 975 504 887 607 1081 609 1083 115 1088 521 921 517 911 518 939 524 924 538 972 489 862 663 1618 640 1618 637 1618 635 1619 663 1619 637 1619 546 964 537 948 452 799 5 984 4 1620 342 591 752 1621 168 1622 255 1623 503 886 537 948 504 887 5 984 342 591 341 590 287 483 267 412 269 414 548 967 4 966 565 1549 44 1624 43 1625 753 1626 710 1627 44 1624 753 1626 662 1628 44 1624 166 1629 166 1629 461 1630 465 1631 465 1631 238 1632 166 1629 166 1629 238 1632 662 1628 710 1627 166 1629 44 1624 43 1625 243 1633 227 1634 753 1626 43 1625 227 1634 243 1633 379 1006 192 1635 227 1634 243 1633 192 1635 733 1636 461 1630 188 1637 569 1008 733 1636 379 1006 250 1638 662 1628 238 1632 238 1632 569 1008 250 1638 733 1636 188 1637 67 1639 251 1007 250 1638 569 1008 733 1636 67 1639 192 1635 733 1636 192 1635 379 1006 327 1540 239 576 332 575 564 1009 550 1004 570 1013 754 1498 349 1497 474 1640 474 1640 32 1641 754 1498 627 1133 622 1182 652 1231 242 1642 252 1022 241 1024 733 1636 465 1631 461 1630 244 383 239 576 241 384 682 1402 747 1555 556 1020 585 1038 577 1025 581 1033 222 1643 575 1644 216 1645 575 1644 574 1646 359 1647 216 1645 575 1644 359 1647 574 1646 370 1648 359 1647 197 1649 216 1645 359 1647 194 1650 197 1649 24 1651 197 1649 359 1647 26 1652 359 1647 356 1653 344 594 359 1647 344 594 37 593 24 1651 197 1649 26 1652 26 1652 359 1647 37 593 170 567 240 378 239 377 770 1654 373 647 375 649 198 308 195 310 193 1655 28 1656 347 1657 357 1658 17 1659 28 1656 357 1658 585 1038 730 1393 577 1025 584 1037 578 1029 583 1660 169 1539 165 272 154 256 586 1039 575 1661 222 358 219 353 769 1662 768 1663 219 353 768 1663 221 354 768 1663 748 1664 221 354 221 354 64 1665 220 355 460 1666 587 1040 768 1558 768 1558 769 1667 460 1666 588 1668 592 1668 589 1668 29 43 7 1669 512 1436 242 380 243 382 43 64 373 1670 127 1070 601 1069 601 1069 374 1671 373 1670 125 1672 127 1673 770 1674 770 1674 127 1673 373 1675 125 1676 770 1654 375 649 597 1484 125 1676 375 649 593 1677 588 1678 590 1679 593 1677 590 1679 596 1680 588 1678 593 1677 592 1681 590 1679 594 1682 596 1680 347 606 351 1683 348 604 351 1683 350 786 348 604 351 610 716 1684 475 1685 351 610 475 1685 349 608 475 1685 474 1686 349 608 349 608 444 1687 350 609 629 1688 238 1632 465 1631 483 1689 159 266 160 267 765 1690 762 1691 40 1692 40 1692 371 1693 765 1690 432 790 409 712 445 788 440 1694 462 1694 441 1694 458 1695 255 1623 168 1622 459 1696 458 1696 168 1696 168 1697 167 1697 459 1697 332 573 326 577 338 585 101 259 156 1509 102 1382 45 66 613 1157 242 380 242 380 43 64 45 66 126 1467 597 1074 602 1073 368 1079 126 1467 363 632 602 1073 363 632 126 1467 237 375 236 374 311 1698 186 1699 369 1084 187 1086 392 1700 313 1700 301 1700 569 1701 113 1477 56 78 162 1702 159 1702 483 1702 763 1535 764 1536 230 370 541 952 322 556 631 1145 367 639 369 641 366 1125 724 1703 725 1384 727 1386 320 1099 392 1134 627 1133 285 455 284 460 307 554 289 456 285 455 307 554 307 554 284 460 633 1152 284 460 290 459 337 1704 322 552 307 554 633 1152 290 459 316 540 611 1092 633 1152 284 460 337 1704 290 459 611 1092 337 1704 611 1092 658 1220 660 1222 611 1092 660 1222 337 1704 325 563 326 565 253 559 635 1156 45 66 44 65 338 585 334 584 492 1305 546 964 552 974 537 948 655 1205 660 1212 656 1206 336 582 634 1150 337 583 337 583 634 1150 633 1149 577 1025 730 1393 561 992 44 65 663 1705 635 1156 175 1706 665 1227 664 1226 664 1226 176 1707 175 1706 641 1230 642 1178 649 1233 666 1232 641 1230 649 1233 662 1247 250 390 252 1248 642 1176 641 1174 605 1229 771 1708 421 1709 767 1710 371 1252 372 1503 8 1253 765 1542 371 1711 10 1712 10 1712 743 1543 765 1542 39 1516 667 1250 755 1511 755 1511 372 1510 39 1516 640 1169 252 1713 615 1170 615 1714 252 1714 772 1714 772 1715 252 1022 242 1642 613 1716 615 1717 772 1715 772 1715 242 1642 613 1716 231 371 142 234 116 217 363 1718 602 1719 762 1691 765 1690 766 1720 363 1718 762 1691 602 1719 599 1721 762 1691 765 1690 363 1718 747 1469 682 1276 557 1021 704 1339 246 386 248 388 679 1272 678 1269 497 1270 334 584 692 1306 492 1305 683 1279 329 569 178 287 492 1722 164 273 165 272 704 1339 329 569 683 1279 499 1278 153 253 235 1556 330 571 687 1290 235 1556 340 1289 496 876 687 1290 486 867 644 1183 505 889 391 675 390 674 630 1195 653 1204 634 1151 336 1202 678 1269 679 1272 189 1317 236 374 606 1723 311 1698 766 1724 357 1724 363 1724 278 431 256 433 294 475 514 908 515 909 530 1309 529 1337 636 1166 639 1165 685 1725 707 1343 693 1341 474 844 35 47 32 51 59 81 136 1582 118 176 682 1402 556 1020 720 1403 189 1726 234 1347 190 1346 295 472 262 406 277 430 544 959 695 1320 535 944 703 1336 523 923 717 1366 752 1727 255 1728 771 1708 100 1729 752 1730 767 1710 255 1728 421 1709 771 1708 103 1731 100 1729 767 1710 752 1730 771 1708 767 1710 410 767 399 695 431 768 715 1360 701 1326 705 1340 81 108 77 110 80 154 203 316 207 356 184 317 585 1038 584 1037 730 1393 712 1356 233 1519 687 1290 715 1360 705 1340 713 1357 721 1381 727 1386 723 1378 695 1320 544 959 576 1018 724 1703 727 1386 721 1381 347 1362 28 1732 716 1363 248 388 329 569 704 1339 445 788 454 804 446 789 715 1360 378 653 377 652 137 1517 112 1733 404 699 156 262 149 261 102 148 687 1290 233 1519 235 1556 51 72 50 71 8 1476 56 78 750 1474 761 1525 750 1474 600 1068 224 360 750 1474 62 84 600 1068 751 1475 8 1476 750 1474 8 1476 733 1734 51 72 750 1474 224 360 763 1535 733 1734 569 1701 226 1735 51 72 733 1734 60 82 60 82 53 74 51 72 750 1474 763 1535 232 372 763 1535 230 370 232 372 60 82 733 1734 225 361 60 82 225 361 62 84 225 361 733 1734 226 1735 750 1474 232 372 761 1525 226 1735 569 1701 228 368 764 1536 226 1735 230 370 569 1701 56 78 773 1736 230 370 226 1735 228 368 569 1701 773 1736 228 368 761 1525 228 368 773 1736 761 1525 773 1736 56 78 23 1737 25 1737 21 1737 31 1738 19 1739 7 1669 31 1738 7 1669 29 43 696 1321 576 1018 734 1400 706 1342 556 1434 341 590 112 1740 74 1741 404 705 404 705 74 1741 407 706 71 93 74 1741 69 91 74 1741 71 93 407 706 407 706 71 93 130 198 430 1742 407 706 130 198 430 1742 130 198 426 1743 425 1744 430 1742 426 1743 426 1743 130 198 380 656 726 1385 725 1384 731 1396 571 1520 740 1419 572 1745 582 1424 572 1745 740 1419 148 250 105 152 104 151 629 1746 465 1747 482 852 465 1747 372 1510 469 839 465 1747 469 839 468 838 629 1746 482 852 480 850 629 1746 480 850 671 1257 465 1747 468 838 473 843 468 838 467 837 473 843 673 1260 670 1256 39 1516 673 1260 39 1516 674 1264 465 1747 473 843 471 841 465 1747 471 841 482 852 471 841 476 846 482 852 674 1264 39 1516 629 1746 476 846 479 849 482 852 629 1746 671 1257 676 1266 677 1267 674 1264 629 1746 676 1266 677 1267 629 1746 668 1251 669 1255 480 850 583 1748 742 1749 584 1037 742 1749 376 651 584 1037 152 252 171 280 158 265 582 1428 732 1427 742 1750 730 1393 584 1037 376 651 430 779 425 753 438 774 647 1186 646 1185 665 1227 42 63 345 598 41 61</p>
        </triangles>
      </mesh>
    </geometry>
  </library_geometries>
  <library_visual_scenes>
    <visual_scene id="scene">
      <node id="torso_link">
        <instance_geometry url="#geometry">
          <bind_material>
            <technique_common>
              <instance_material symbol="scout_1a1a1a" target="#scout_1a1a1a" />
            </technique_common>
          </bind_material>
        </instance_geometry>
      </node>
    </visual_scene>
  </library_visual_scenes>
  <scene>
    <instance_visual_scene url="#scene" />
  </scene>
</COLLADA>